datetime,precipitation,season
2016-07-01,53.1,Monsoon
2016-07-02,13.7,Monsoon
2016-07-03,2.0,Monsoon
2016-07-04,16.8,Monsoon
2016-07-05,3.8,Monsoon
2016-07-06,0.0,Monsoon
2016-07-07,6.1,Monsoon
2016-07-08,0.3,Monsoon
2016-07-09,0.0,Monsoon
2016-07-10,2.5,Monsoon
2016-07-11,9.4,Monsoon
2016-07-12,2.8956,Monsoon
2016-07-13,1.0,Monsoon
2016-07-14,39.1,Monsoon
2016-07-15,14.2,Monsoon
2016-07-16,29.0,Monsoon
2016-07-17,0.508,Monsoon
2016-07-18,38.6,Monsoon
2016-07-19,24.4,Monsoon
2016-07-20,0.5,Monsoon
2016-07-21,14.5,Monsoon
2016-07-22,37.6,Monsoon
2016-07-23,0.5,Monsoon
2016-07-24,0.5,Monsoon
2016-07-25,28.4,Monsoon
2016-07-26,86.1,Monsoon
2016-07-27,0.3,Monsoon
2016-07-28,6.6,Monsoon
2016-07-29,4.9022,Monsoon
2016-07-30,11.9888,Monsoon
2016-07-31,2.8,Monsoon
2016-08-01,9.1,Monsoon
2016-08-02,1.8,Monsoon
2016-08-03,1.0,Monsoon
2016-08-04,7.6,Monsoon
2016-08-05,0.0,Monsoon
2016-08-06,13.2,Monsoon
2016-08-07,0.4064,Monsoon
2016-08-08,2.0,Monsoon
2016-08-09,2.3,Monsoon
2016-08-10,0.2032,Monsoon
2016-08-11,10.9,Monsoon
2016-08-12,0.0,Monsoon
2016-08-13,10.4,Monsoon
2016-08-14,0.8,Monsoon
2016-08-15,0.5,Monsoon
2016-08-16,19.6,Monsoon
2016-08-17,4.6,Monsoon
2016-08-18,0.0,Monsoon
2016-08-19,0.5,Monsoon
2016-08-20,5.1,Monsoon
2016-08-21,2.5,Monsoon
2016-08-22,8.9,Monsoon
2016-08-23,2.3,Monsoon
2016-08-24,0.0,Monsoon
2016-08-25,0.0,Monsoon
2016-08-26,15.5,Monsoon
2016-08-27,0.0,Monsoon
2016-08-28,0.0,Monsoon
2016-08-29,0.5,Monsoon
2016-08-30,0.5,Monsoon
2016-08-31,10.3886,Monsoon
2016-09-01,0.0,Monsoon
2016-09-02,0.0,Monsoon
2016-09-03,62.00139999999999,Monsoon
2016-09-04,19.304,Monsoon
2016-09-05,0.0,Monsoon
2016-09-06,2.0,Monsoon
2016-09-07,6.1,Monsoon
2016-09-08,2.3,Monsoon
2016-09-09,0.0,Monsoon
2016-09-10,15.7,Monsoon
2016-09-11,31.0,Monsoon
2016-09-12,56.4,Monsoon
2016-09-13,0.3,Monsoon
2016-09-14,8.6,Monsoon
2016-09-15,24.003,Monsoon
2016-09-16,0.0,Autumn
2016-09-17,1.8,Autumn
2016-09-18,16.5,Autumn
2016-09-19,0.3,Autumn
2016-09-20,0.0,Autumn
2016-09-21,23.9,Autumn
2016-09-22,0.0,Autumn
2016-09-23,0.0,Autumn
2016-09-24,12.4,Autumn
2016-09-25,1.4986,Autumn
2016-09-26,0.0,Autumn
2016-09-27,0.0,Autumn
2016-09-28,0.4064,Autumn
2016-09-29,0.3,Autumn
2016-09-30,1.5,Autumn
2016-10-01,21.6,Autumn
2016-10-02,0.0,Autumn
2016-10-03,0.0,Autumn
2016-10-04,0.0,Autumn
2016-10-05,1.8,Autumn
2016-10-06,1.5,Autumn
2016-10-07,0.0,Autumn
2016-10-08,0.0,Autumn
2016-10-09,0.0,Autumn
2016-10-10,0.3,Autumn
2016-10-11,0.3,Autumn
2016-10-12,0.0,Autumn
2016-10-13,0.0,Autumn
2016-10-14,0.5,Autumn
2016-10-15,0.0,Autumn
2016-10-16,0.0,Autumn
2016-10-17,0.0,Autumn
2016-10-18,2.5,Autumn
2016-10-19,25.9,Autumn
2016-10-20,0.0,Autumn
2016-10-21,0.0,Autumn
2016-10-22,0.0,Autumn
2016-10-23,0.0,Autumn
2016-10-24,0.1016,Autumn
2016-10-25,0.0,Autumn
2016-10-26,0.1016,Autumn
2016-10-27,0.0,Autumn
2016-10-28,0.0,Autumn
2016-10-29,0.0,Autumn
2016-10-30,0.0,Autumn
2016-10-31,0.0,Autumn
2016-11-01,0.0,Autumn
2016-11-02,0.0,Autumn
2016-11-03,0.0,Autumn
2016-11-04,0.0,Autumn
2016-11-05,0.0,Autumn
2016-11-06,0.0,Autumn
2016-11-07,0.0,Autumn
2016-11-08,0.0,Autumn
2016-11-09,0.0,Autumn
2016-11-10,0.0,Autumn
2016-11-11,0.0,Autumn
2016-11-12,0.0,Autumn
2016-11-13,0.0,Autumn
2016-11-14,0.0,Autumn
2016-11-15,0.0,Autumn
2016-11-16,0.0,Winter
2016-11-17,0.0,Winter
2016-11-18,0.0,Winter
2016-11-19,0.0,Winter
2016-11-20,0.4064,Winter
2016-11-21,0.1016,Winter
2016-11-22,0.0,Winter
2016-11-23,0.0,Winter
2016-11-24,0.0,Winter
2016-11-25,0.0,Winter
2016-11-26,0.0,Winter
2016-11-27,0.0,Winter
2016-11-28,0.0,Winter
2016-11-29,0.0,Winter
2016-11-30,0.0,Winter
2016-12-01,0.0,Winter
2016-12-02,0.0,Winter
2016-12-03,0.0,Winter
2016-12-04,0.0,Winter
2016-12-05,0.0,Winter
2016-12-06,0.0,Winter
2016-12-07,0.0,Winter
2016-12-08,0.0,Winter
2016-12-09,0.0,Winter
2016-12-10,0.0,Winter
2016-12-11,0.0,Winter
2016-12-12,0.0,Winter
2016-12-13,0.0,Winter
2016-12-14,0.0,Winter
2016-12-15,0.0,Winter
2016-12-16,0.0,Winter
2016-12-17,0.0,Winter
2016-12-18,0.0,Winter
2016-12-19,0.0,Winter
2016-12-20,0.0,Winter
2016-12-21,0.0,Winter
2016-12-22,0.0,Winter
2016-12-23,0.0,Winter
2016-12-24,0.0,Winter
2016-12-25,0.0,Winter
2016-12-26,0.0,Winter
2016-12-27,0.0,Winter
2016-12-28,0.0,Winter
2016-12-29,0.0,Winter
2016-12-30,0.0,Winter
2016-12-31,0.0,Winter
2017-01-01,0.0,Winter
2017-01-02,0.0,Winter
2017-01-03,0.1016,Winter
2017-01-04,0.0,Winter
2017-01-05,0.0,Winter
2017-01-06,0.0,Winter
2017-01-07,0.0,Winter
2017-01-08,0.0,Winter
2017-01-09,0.0,Winter
2017-01-10,0.0,Winter
2017-01-11,0.0,Winter
2017-01-12,0.0,Winter
2017-01-13,0.0,Winter
2017-01-14,0.0,Winter
2017-01-15,0.0,Winter
2017-01-16,0.0,Winter
2017-01-17,0.0,Winter
2017-01-18,0.0,Winter
2017-01-19,0.0,Winter
2017-01-20,0.0,Winter
2017-01-21,0.0,Winter
2017-01-22,0.0,Winter
2017-01-23,0.0,Winter
2017-01-24,0.0,Winter
2017-01-25,0.0,Winter
2017-01-26,0.0,Winter
2017-01-27,5.1,Winter
2017-01-28,6.6,Winter
2017-01-29,0.0,Winter
2017-01-30,0.0,Winter
2017-01-31,0.0,Winter
2017-02-01,0.0,Winter
2017-02-02,0.0,Winter
2017-02-03,0.0,Winter
2017-02-04,0.0,Winter
2017-02-05,0.0,Winter
2017-02-06,0.0,Winter
2017-02-07,0.0,Winter
2017-02-08,0.0,Winter
2017-02-09,0.0,Winter
2017-02-10,0.0,Winter
2017-02-11,0.0,Winter
2017-02-12,0.0,Winter
2017-02-13,0.0,Winter
2017-02-14,0.0,Winter
2017-02-15,0.0,Winter
2017-02-16,0.0,Winter
2017-02-17,0.0,Winter
2017-02-18,0.0,Winter
2017-02-19,0.0,Winter
2017-02-20,0.0,Winter
2017-02-21,0.0,Winter
2017-02-22,0.0,Winter
2017-02-23,0.0,Winter
2017-02-24,0.0,Winter
2017-02-25,0.0,Winter
2017-02-26,0.0,Winter
2017-02-27,0.0,Winter
2017-02-28,0.0,Winter
2017-03-01,0.0,Winter
2017-03-02,1.5,Winter
2017-03-03,1.5,Winter
2017-03-04,0.0,Winter
2017-03-05,0.0,Winter
2017-03-06,0.0,Winter
2017-03-07,0.0,Winter
2017-03-08,0.0,Winter
2017-03-09,0.0,Winter
2017-03-10,4.1,Winter
2017-03-11,32.3,Winter
2017-03-12,6.1,Winter
2017-03-13,0.0,Winter
2017-03-14,0.0,Winter
2017-03-15,0.1016,Spring
2017-03-16,0.0,Spring
2017-03-17,0.0,Spring
2017-03-18,6.9,Spring
2017-03-19,0.0,Spring
2017-03-20,0.5,Spring
2017-03-21,0.0,Spring
2017-03-22,0.0,Spring
2017-03-23,0.0,Spring
2017-03-24,0.3048,Spring
2017-03-25,15.5,Spring
2017-03-26,0.0,Spring
2017-03-27,0.0,Spring
2017-03-28,0.0,Spring
2017-03-29,4.3,Spring
2017-03-30,5.6,Spring
2017-03-31,0.0,Spring
2017-04-01,0.0,Spring
2017-04-02,6.4,Spring
2017-04-03,6.6,Spring
2017-04-04,0.0,Spring
2017-04-05,0.0,Spring
2017-04-06,0.0,Spring
2017-04-07,0.0,Spring
2017-04-08,5.1,Spring
2017-04-09,0.0,Spring
2017-04-10,0.0,Spring
2017-04-11,0.0,Spring
2017-04-12,0.0,Spring
2017-04-13,0.0,Spring
2017-04-14,0.0,Spring
2017-04-15,2.8,Spring
2017-04-16,0.0,Spring
2017-04-17,0.0,Spring
2017-04-18,0.0,Spring
2017-04-19,0.8,Spring
2017-04-20,1.8,Spring
2017-04-21,10.9,Spring
2017-04-22,12.7,Spring
2017-04-23,12.2,Spring
2017-04-24,0.3,Spring
2017-04-25,0.0,Spring
2017-04-26,0.0,Spring
2017-04-27,0.0,Spring
2017-04-28,0.0,Spring
2017-04-29,8.2042,Spring
2017-04-30,8.7884,Spring
2017-05-01,14.5,Spring
2017-05-02,0.0,Spring
2017-05-03,0.0,Spring
2017-05-04,2.5,Spring
2017-05-05,10.7,Spring
2017-05-06,0.0,Spring
2017-05-07,0.9906,Spring
2017-05-08,3.6,Spring
2017-05-09,1.3,Spring
2017-05-10,0.8,Spring
2017-05-11,3.6,Spring
2017-05-12,0.3,Spring
2017-05-13,0.0,Spring
2017-05-14,0.0,Spring
2017-05-15,40.9,Spring
2017-05-16,3.6,Summer(Pre-Monsoon)
2017-05-17,0.5,Summer(Pre-Monsoon)
2017-05-18,0.0,Summer(Pre-Monsoon)
2017-05-19,0.0,Summer(Pre-Monsoon)
2017-05-20,0.0,Summer(Pre-Monsoon)
2017-05-21,0.0,Summer(Pre-Monsoon)
2017-05-22,2.3,Summer(Pre-Monsoon)
2017-05-23,0.508,Summer(Pre-Monsoon)
2017-05-24,2.3,Summer(Pre-Monsoon)
2017-05-25,0.0,Summer(Pre-Monsoon)
2017-05-26,18.8,Summer(Pre-Monsoon)
2017-05-27,7.6,Summer(Pre-Monsoon)
2017-05-28,0.0,Summer(Pre-Monsoon)
2017-05-29,0.0,Summer(Pre-Monsoon)
2017-05-30,1.5,Summer(Pre-Monsoon)
2017-05-31,0.0,Summer(Pre-Monsoon)
2017-06-01,0.1016,Summer(Pre-Monsoon)
2017-06-02,0.0,Summer(Pre-Monsoon)
2017-06-03,0.0,Summer(Pre-Monsoon)
2017-06-04,0.0,Summer(Pre-Monsoon)
2017-06-05,6.1,Summer(Pre-Monsoon)
2017-06-06,0.0,Summer(Pre-Monsoon)
2017-06-07,0.0,Summer(Pre-Monsoon)
2017-06-08,7.1,Summer(Pre-Monsoon)
2017-06-09,0.1016,Summer(Pre-Monsoon)
2017-06-10,0.0,Summer(Pre-Monsoon)
2017-06-11,0.2032,Summer(Pre-Monsoon)
2017-06-12,0.0,Summer(Pre-Monsoon)
2017-06-13,0.0,Summer(Pre-Monsoon)
2017-06-14,0.0,Summer(Pre-Monsoon)
2017-06-15,0.0,Summer(Pre-Monsoon)
2017-06-16,0.0,Monsoon
2017-06-17,0.3,Monsoon
2017-06-18,0.0,Monsoon
2017-06-19,0.0,Monsoon
2017-06-20,11.4,Monsoon
2017-06-21,6.6,Monsoon
2017-06-22,5.8,Monsoon
2017-06-23,0.0,Monsoon
2017-06-24,13.0048,Monsoon
2017-06-25,30.2,Monsoon
2017-06-26,24.6,Monsoon
2017-06-27,0.0,Monsoon
2017-06-28,5.0038,Monsoon
2017-06-29,5.1,Monsoon
2017-06-30,2.0066,Monsoon
2017-07-01,1.5,Monsoon
2017-07-02,1.0,Monsoon
2017-07-03,4.1,Monsoon
2017-07-04,25.1,Monsoon
2017-07-05,5.3,Monsoon
2017-07-06,2.0,Monsoon
2017-07-07,0.0,Monsoon
2017-07-08,0.5,Monsoon
2017-07-09,16.8,Monsoon
2017-07-10,17.0,Monsoon
2017-07-11,2.3,Monsoon
2017-07-12,0.0,Monsoon
2017-07-13,0.0,Monsoon
2017-07-14,2.0,Monsoon
2017-07-15,14.0,Monsoon
2017-07-16,17.3,Monsoon
2017-07-17,5.6,Monsoon
2017-07-18,2.3,Monsoon
2017-07-19,5.1,Monsoon
2017-07-20,11.4,Monsoon
2017-07-21,2.8,Monsoon
2017-07-22,2.0,Monsoon
2017-07-23,9.7,Monsoon
2017-07-24,25.9,Monsoon
2017-07-25,7.4,Monsoon
2017-07-26,4.8,Monsoon
2017-07-27,0.0,Monsoon
2017-07-28,0.0,Monsoon
2017-07-29,49.8,Monsoon
2017-07-30,24.4,Monsoon
2017-07-31,0.8,Monsoon
2017-08-01,1.5,Monsoon
2017-08-02,18.9992,Monsoon
2017-08-03,30.5,Monsoon
2017-08-04,0.0,Monsoon
2017-08-05,7.1,Monsoon
2017-08-06,10.4,Monsoon
2017-08-07,6.6,Monsoon
2017-08-08,4.9022,Monsoon
2017-08-09,1.4986,Monsoon
2017-08-10,0.0,Monsoon
2017-08-11,21.0058,Monsoon
2017-08-12,8.991599999999998,Monsoon
2017-08-13,26.7,Monsoon
2017-08-14,2.8,Monsoon
2017-08-15,0.6096,Monsoon
2017-08-16,0.5,Monsoon
2017-08-17,0.0,Monsoon
2017-08-18,0.0,Monsoon
2017-08-19,8.4,Monsoon
2017-08-20,0.0,Monsoon
2017-08-21,0.8,Monsoon
2017-08-22,14.0,Monsoon
2017-08-23,41.9,Monsoon
2017-08-24,2.3,Monsoon
2017-08-25,1.0,Monsoon
2017-08-26,35.3,Monsoon
2017-08-27,5.3,Monsoon
2017-08-28,1.3,Monsoon
2017-08-29,0.0,Monsoon
2017-08-30,0.0,Monsoon
2017-08-31,55.1,Monsoon
2017-09-01,24.6,Monsoon
2017-09-02,7.6,Monsoon
2017-09-03,10.9,Monsoon
2017-09-04,0.0,Monsoon
2017-09-05,0.0,Monsoon
2017-09-06,0.0,Monsoon
2017-09-07,7.9,Monsoon
2017-09-08,0.0,Monsoon
2017-09-09,0.0,Monsoon
2017-09-10,0.0,Monsoon
2017-09-11,0.0,Monsoon
2017-09-12,8.991599999999998,Monsoon
2017-09-13,0.0,Monsoon
2017-09-14,0.0,Monsoon
2017-09-15,0.0,Monsoon
2017-09-16,0.0,Autumn
2017-09-17,0.0,Autumn
2017-09-18,11.2,Autumn
2017-09-19,2.0066,Autumn
2017-09-20,1.5,Autumn
2017-09-21,6.5024,Autumn
2017-09-22,0.0,Autumn
2017-09-23,0.0,Autumn
2017-09-24,0.0,Autumn
2017-09-25,0.0,Autumn
2017-09-26,0.0,Autumn
2017-09-27,0.0,Autumn
2017-09-28,0.0,Autumn
2017-09-29,16.5,Autumn
2017-09-30,0.5,Autumn
2017-10-01,0.5,Autumn
2017-10-02,7.1,Autumn
2017-10-03,13.0,Autumn
2017-10-04,0.0,Autumn
2017-10-05,0.0,Autumn
2017-10-06,12.4,Autumn
2017-10-07,0.0,Autumn
2017-10-08,0.0,Autumn
2017-10-09,0.0,Autumn
2017-10-10,0.0,Autumn
2017-10-11,0.0,Autumn
2017-10-12,0.0,Autumn
2017-10-13,0.0,Autumn
2017-10-14,0.0,Autumn
2017-10-15,0.3048,Autumn
2017-10-16,0.0,Autumn
2017-10-17,0.0,Autumn
2017-10-18,0.0,Autumn
2017-10-19,0.0,Autumn
2017-10-20,0.0,Autumn
2017-10-21,0.0,Autumn
2017-10-22,0.0,Autumn
2017-10-23,0.0,Autumn
2017-10-24,0.0,Autumn
2017-10-25,0.0,Autumn
2017-10-26,0.0,Autumn
2017-10-27,0.0,Autumn
2017-10-28,0.0,Autumn
2017-10-29,26.4,Autumn
2017-10-30,4.1,Autumn
2017-10-31,0.0,Autumn
2017-11-01,0.9906,Autumn
2017-11-02,0.0,Autumn
2017-11-03,0.0,Autumn
2017-11-04,0.0,Autumn
2017-11-05,0.0,Autumn
2017-11-06,0.0,Autumn
2017-11-07,0.0,Autumn
2017-11-08,0.0,Autumn
2017-11-09,0.0,Autumn
2017-11-10,0.0,Autumn
2017-11-11,0.0,Autumn
2017-11-12,0.0,Autumn
2017-11-13,0.0,Autumn
2017-11-14,0.0,Autumn
2017-11-15,0.0,Autumn
2017-11-16,0.0,Winter
2017-11-17,0.0,Winter
2017-11-18,0.0,Winter
2017-11-19,0.0,Winter
2017-11-20,0.0,Winter
2017-11-21,0.0,Winter
2017-11-22,0.0,Winter
2017-11-23,0.0,Winter
2017-11-24,0.0,Winter
2017-11-25,0.0,Winter
2017-11-26,0.0,Winter
2017-11-27,0.0,Winter
2017-11-28,0.0,Winter
2017-11-29,0.0,Winter
2017-11-30,0.0,Winter
2017-12-01,0.0,Winter
2017-12-02,0.0,Winter
2017-12-03,0.0,Winter
2017-12-04,0.0,Winter
2017-12-05,0.0,Winter
2017-12-06,0.0,Winter
2017-12-07,0.0,Winter
2017-12-08,0.0,Winter
2017-12-09,0.0,Winter
2017-12-10,0.0,Winter
2017-12-11,0.0,Winter
2017-12-12,0.0,Winter
2017-12-13,0.0,Winter
2017-12-14,0.0,Winter
2017-12-15,0.0,Winter
2017-12-16,0.0,Winter
2017-12-17,0.0,Winter
2017-12-18,0.0,Winter
2017-12-19,0.0,Winter
2017-12-20,0.0,Winter
2017-12-21,0.0,Winter
2017-12-22,0.0,Winter
2017-12-23,0.0,Winter
2017-12-24,0.0,Winter
2017-12-25,0.0,Winter
2017-12-26,0.0,Winter
2017-12-27,0.0,Winter
2017-12-28,0.0,Winter
2017-12-29,0.0,Winter
2017-12-30,0.0,Winter
2017-12-31,0.0,Winter
2018-01-01,0.0,Winter
2018-01-02,0.0,Winter
2018-01-03,0.0,Winter
2018-01-04,0.0,Winter
2018-01-05,0.0,Winter
2018-01-06,0.0,Winter
2018-01-07,0.0,Winter
2018-01-08,0.0,Winter
2018-01-09,0.0,Winter
2018-01-10,0.0,Winter
2018-01-11,0.0,Winter
2018-01-12,0.0,Winter
2018-01-13,0.0,Winter
2018-01-14,0.0,Winter
2018-01-15,0.0,Winter
2018-01-16,0.0,Winter
2018-01-17,0.0,Winter
2018-01-18,0.0,Winter
2018-01-19,0.0,Winter
2018-01-20,0.0,Winter
2018-01-21,0.0,Winter
2018-01-22,0.0,Winter
2018-01-23,0.0,Winter
2018-01-24,6.1,Winter
2018-01-25,0.0,Winter
2018-01-26,0.0,Winter
2018-01-27,0.0,Winter
2018-01-28,0.0,Winter
2018-01-29,0.0,Winter
2018-01-30,0.0,Winter
2018-01-31,0.0,Winter
2018-02-01,0.0,Winter
2018-02-02,0.0,Winter
2018-02-03,0.0,Winter
2018-02-04,0.0,Winter
2018-02-05,0.0,Winter
2018-02-06,0.0,Winter
2018-02-07,0.0,Winter
2018-02-08,0.0,Winter
2018-02-09,0.0,Winter
2018-02-10,0.0,Winter
2018-02-11,0.0,Winter
2018-02-12,0.0,Winter
2018-02-13,1.5,Winter
2018-02-14,0.0,Winter
2018-02-15,0.0,Winter
2018-02-16,0.0,Winter
2018-02-17,0.0,Winter
2018-02-18,0.0,Winter
2018-02-19,0.0,Winter
2018-02-20,0.0,Winter
2018-02-21,0.0,Winter
2018-02-22,0.0,Winter
2018-02-23,0.0,Winter
2018-02-24,0.0,Winter
2018-02-25,0.0,Winter
2018-02-26,0.0,Winter
2018-02-27,0.0,Winter
2018-02-28,0.0,Winter
2018-03-01,0.0,Winter
2018-03-02,0.0,Winter
2018-03-03,2.5,Winter
2018-03-04,0.0,Winter
2018-03-05,0.0,Winter
2018-03-06,0.0,Winter
2018-03-07,0.0,Winter
2018-03-08,0.0,Winter
2018-03-09,0.0,Winter
2018-03-10,0.0,Winter
2018-03-11,14.2,Winter
2018-03-12,0.3,Winter
2018-03-13,0.0,Winter
2018-03-14,0.0,Winter
2018-03-15,0.0,Spring
2018-03-16,5.1,Spring
2018-03-17,0.0,Spring
2018-03-18,0.0,Spring
2018-03-19,0.0,Spring
2018-03-20,0.0,Spring
2018-03-21,0.0,Spring
2018-03-22,0.0,Spring
2018-03-23,0.0,Spring
2018-03-24,0.0,Spring
2018-03-25,0.0,Spring
2018-03-26,0.5,Spring
2018-03-27,0.0,Spring
2018-03-28,0.0,Spring
2018-03-29,0.0,Spring
2018-03-30,1.8,Spring
2018-03-31,0.0,Spring
2018-04-01,0.0,Spring
2018-04-02,0.5,Spring
2018-04-03,50.4952,Spring
2018-04-04,0.0,Spring
2018-04-05,0.0,Spring
2018-04-06,0.0,Spring
2018-04-07,6.1,Spring
2018-04-08,0.0,Spring
2018-04-09,2.9972,Spring
2018-04-10,0.0,Spring
2018-04-11,0.2032,Spring
2018-04-12,0.3,Spring
2018-04-13,0.1016,Spring
2018-04-14,0.0,Spring
2018-04-15,0.0,Spring
2018-04-16,0.0,Spring
2018-04-17,9.4,Spring
2018-04-18,3.3,Spring
2018-04-19,0.0,Spring
2018-04-20,1.5,Spring
2018-04-21,0.0,Spring
2018-04-22,0.0,Spring
2018-04-23,0.0,Spring
2018-04-24,0.0,Spring
2018-04-25,0.0,Spring
2018-04-26,0.5,Spring
2018-04-27,8.9,Spring
2018-04-28,26.9,Spring
2018-04-29,5.1,Spring
2018-04-30,0.3,Spring
2018-05-01,8.4,Spring
2018-05-02,4.6,Spring
2018-05-03,2.8,Spring
2018-05-04,0.0,Spring
2018-05-05,0.5,Spring
2018-05-06,0.0,Spring
2018-05-07,0.0,Spring
2018-05-08,0.5,Spring
2018-05-09,2.0066,Spring
2018-05-10,0.0,Spring
2018-05-11,0.0,Spring
2018-05-12,0.0,Spring
2018-05-13,4.8,Spring
2018-05-14,17.0,Spring
2018-05-15,0.0,Spring
2018-05-16,0.0,Summer(Pre-Monsoon)
2018-05-17,10.4,Summer(Pre-Monsoon)
2018-05-18,0.0,Summer(Pre-Monsoon)
2018-05-19,10.7,Summer(Pre-Monsoon)
2018-05-20,0.0,Summer(Pre-Monsoon)
2018-05-21,7.1,Summer(Pre-Monsoon)
2018-05-22,0.8,Summer(Pre-Monsoon)
2018-05-23,0.0,Summer(Pre-Monsoon)
2018-05-24,16.5,Summer(Pre-Monsoon)
2018-05-25,0.0,Summer(Pre-Monsoon)
2018-05-26,0.5,Summer(Pre-Monsoon)
2018-05-27,0.0,Summer(Pre-Monsoon)
2018-05-28,1.5,Summer(Pre-Monsoon)
2018-05-29,0.0,Summer(Pre-Monsoon)
2018-05-30,65.8,Summer(Pre-Monsoon)
2018-05-31,4.1,Summer(Pre-Monsoon)
2018-06-01,3.0,Summer(Pre-Monsoon)
2018-06-02,0.508,Summer(Pre-Monsoon)
2018-06-03,1.0,Summer(Pre-Monsoon)
2018-06-04,37.6,Summer(Pre-Monsoon)
2018-06-05,5.1,Summer(Pre-Monsoon)
2018-06-06,0.0,Summer(Pre-Monsoon)
2018-06-07,69.9,Summer(Pre-Monsoon)
2018-06-08,17.5,Summer(Pre-Monsoon)
2018-06-09,0.0,Summer(Pre-Monsoon)
2018-06-10,1.8,Summer(Pre-Monsoon)
2018-06-11,0.0,Summer(Pre-Monsoon)
2018-06-12,14.5,Summer(Pre-Monsoon)
2018-06-13,0.0,Summer(Pre-Monsoon)
2018-06-14,0.0,Summer(Pre-Monsoon)
2018-06-15,7.9,Summer(Pre-Monsoon)
2018-06-16,4.8,Monsoon
2018-06-17,11.4,Monsoon
2018-06-18,15.0,Monsoon
2018-06-19,0.0,Monsoon
2018-06-20,0.0,Monsoon
2018-06-21,2.0,Monsoon
2018-06-22,4.2926,Monsoon
2018-06-23,1.8,Monsoon
2018-06-24,2.8,Monsoon
2018-06-25,5.6,Monsoon
2018-06-26,23.1,Monsoon
2018-06-27,2.5,Monsoon
2018-06-28,0.0,Monsoon
2018-06-29,0.0,Monsoon
2018-06-30,3.8,Monsoon
2018-07-01,4.8,Monsoon
2018-07-02,41.9862,Monsoon
2018-07-03,7.492999999999999,Monsoon
2018-07-04,2.2097999999999995,Monsoon
2018-07-05,0.7111999999999999,Monsoon
2018-07-06,0.0,Monsoon
2018-07-07,0.0,Monsoon
2018-07-08,0.0,Monsoon
2018-07-09,18.8,Monsoon
2018-07-10,0.0,Monsoon
2018-07-11,1.1938,Monsoon
2018-07-12,0.0,Monsoon
2018-07-13,0.0,Monsoon
2018-07-14,1.8034,Monsoon
2018-07-15,0.0,Monsoon
2018-07-16,1.905,Monsoon
2018-07-17,0.0,Monsoon
2018-07-18,0.0,Monsoon
2018-07-19,0.0,Monsoon
2018-07-20,0.0,Monsoon
2018-07-21,0.2032,Monsoon
2018-07-22,0.7874,Monsoon
2018-07-23,1.1938,Monsoon
2018-07-24,0.0,Monsoon
2018-07-25,0.889,Monsoon
2018-07-26,2.286,Monsoon
2018-07-27,0.3048,Monsoon
2018-07-28,0.0,Monsoon
2018-07-29,0.4064,Monsoon
2018-07-30,0.0,Monsoon
2018-07-31,0.0,Monsoon
2018-08-01,1.0,Monsoon
2018-08-02,15.011399999999998,Monsoon
2018-08-03,5.1,Monsoon
2018-08-04,7.9,Monsoon
2018-08-05,27.2,Monsoon
2018-08-06,50.3,Monsoon
2018-08-07,0.0,Monsoon
2018-08-08,0.0,Monsoon
2018-08-09,10.4,Monsoon
2018-08-10,8.9,Monsoon
2018-08-11,0.0,Monsoon
2018-08-12,0.0,Monsoon
2018-08-13,52.8,Monsoon
2018-08-14,0.5,Monsoon
2018-08-15,40.6,Monsoon
2018-08-16,2.2097999999999995,Monsoon
2018-08-17,0.9906,Monsoon
2018-08-18,0.0,Monsoon
2018-08-19,0.0,Monsoon
2018-08-20,0.0,Monsoon
2018-08-21,0.7111999999999999,Monsoon
2018-08-22,0.0,Monsoon
2018-08-23,0.0,Monsoon
2018-08-24,16.002,Monsoon
2018-08-25,0.0,Monsoon
2018-08-26,0.0,Monsoon
2018-08-27,1.4986,Monsoon
2018-08-28,0.0,Monsoon
2018-08-29,0.0,Monsoon
2018-08-30,4.2672,Monsoon
2018-08-31,0.0,Monsoon
2018-09-01,0.0,Monsoon
2018-09-02,0.0,Monsoon
2018-09-03,0.0,Monsoon
2018-09-04,0.0,Monsoon
2018-09-05,0.0,Monsoon
2018-09-06,0.0,Monsoon
2018-09-07,2.3876,Monsoon
2018-09-08,0.0,Monsoon
2018-09-09,0.0,Monsoon
2018-09-10,0.0,Monsoon
2018-09-11,0.0,Monsoon
2018-09-12,0.5,Monsoon
2018-09-13,3.0,Monsoon
2018-09-14,0.0,Monsoon
2018-09-15,0.1016,Monsoon
2018-09-16,0.8128,Autumn
2018-09-17,1.2192,Autumn
2018-09-18,0.2032,Autumn
2018-09-19,0.0,Autumn
2018-09-20,6.1214,Autumn
2018-09-21,0.0,Autumn
2018-09-22,0.0,Autumn
2018-09-23,0.0,Autumn
2018-09-24,0.0,Autumn
2018-09-25,0.0,Autumn
2018-09-26,0.1016,Autumn
2018-09-27,0.1016,Autumn
2018-09-28,0.0,Autumn
2018-09-29,0.1016,Autumn
2018-09-30,0.0,Autumn
2018-10-01,0.0,Autumn
2018-10-02,0.1016,Autumn
2018-10-03,0.0,Autumn
2018-10-04,0.0,Autumn
2018-10-05,0.0,Autumn
2018-10-06,0.0,Autumn
2018-10-07,0.0,Autumn
2018-10-08,0.0,Autumn
2018-10-09,0.0,Autumn
2018-10-10,0.1016,Autumn
2018-10-11,0.0,Autumn
2018-10-12,0.0,Autumn
2018-10-13,0.0,Autumn
2018-10-14,0.0,Autumn
2018-10-15,0.0,Autumn
2018-10-16,0.0,Autumn
2018-10-17,0.0,Autumn
2018-10-18,0.0,Autumn
2018-10-19,0.0,Autumn
2018-10-20,0.0,Autumn
2018-10-21,0.0,Autumn
2018-10-22,0.0,Autumn
2018-10-23,0.0,Autumn
2018-10-24,0.0,Autumn
2018-10-25,0.0,Autumn
2018-10-26,0.0,Autumn
2018-10-27,0.0,Autumn
2018-10-28,0.0,Autumn
2018-10-29,0.0,Autumn
2018-10-30,0.0,Autumn
2018-10-31,0.0,Autumn
2018-11-01,0.0,Autumn
2018-11-02,0.0,Autumn
2018-11-03,0.0,Autumn
2018-11-04,0.0,Autumn
2018-11-05,0.0,Autumn
2018-11-06,0.0,Autumn
2018-11-07,0.0,Autumn
2018-11-08,0.0,Autumn
2018-11-09,0.0,Autumn
2018-11-10,0.0,Autumn
2018-11-11,0.0,Autumn
2018-11-12,0.0,Autumn
2018-11-13,0.0,Autumn
2018-11-14,0.0,Autumn
2018-11-15,0.0,Autumn
2018-11-16,0.0,Winter
2018-11-17,0.0,Winter
2018-11-18,0.0,Winter
2018-11-19,0.0,Winter
2018-11-20,0.0,Winter
2018-11-21,0.0,Winter
2018-11-22,0.0,Winter
2018-11-23,0.0,Winter
2018-11-24,0.0,Winter
2018-11-25,0.0,Winter
2018-11-26,0.0,Winter
2018-11-27,0.0,Winter
2018-11-28,0.0,Winter
2018-11-29,0.0,Winter
2018-11-30,0.0,Winter
2018-12-01,0.3048,Winter
2018-12-02,0.0,Winter
2018-12-03,0.0,Winter
2018-12-04,0.0,Winter
2018-12-05,0.0,Winter
2018-12-06,0.0,Winter
2018-12-07,0.0,Winter
2018-12-08,0.0,Winter
2018-12-09,0.0,Winter
2018-12-10,0.0,Winter
2018-12-11,0.0,Winter
2018-12-12,0.0,Winter
2018-12-13,0.0,Winter
2018-12-14,0.0,Winter
2018-12-15,0.0,Winter
2018-12-16,0.0,Winter
2018-12-17,0.0,Winter
2018-12-18,0.1016,Winter
2018-12-19,0.0,Winter
2018-12-20,0.0,Winter
2018-12-21,0.0,Winter
2018-12-22,0.0,Winter
2018-12-23,0.0,Winter
2018-12-24,0.0,Winter
2018-12-25,0.0,Winter
2018-12-26,0.0,Winter
2018-12-27,0.0,Winter
2018-12-28,0.0,Winter
2018-12-29,0.0,Winter
2018-12-30,0.0,Winter
2018-12-31,0.0,Winter
2019-01-01,0.0,Winter
2019-01-02,0.0,Winter
2019-01-03,0.0,Winter
2019-01-04,0.0,Winter
2019-01-05,0.0,Winter
2019-01-06,0.0,Winter
2019-01-07,0.6096,Winter
2019-01-08,0.0,Winter
2019-01-09,0.0,Winter
2019-01-10,0.0,Winter
2019-01-11,0.0,Winter
2019-01-12,0.0,Winter
2019-01-13,0.0,Winter
2019-01-14,0.0,Winter
2019-01-15,0.0,Winter
2019-01-16,0.0,Winter
2019-01-17,0.0,Winter
2019-01-18,0.0,Winter
2019-01-19,0.0,Winter
2019-01-20,0.0,Winter
2019-01-21,0.0,Winter
2019-01-22,0.0,Winter
2019-01-23,2.286,Winter
2019-01-24,3.9878,Winter
2019-01-25,0.0,Winter
2019-01-26,3.8,Winter
2019-01-27,0.7111999999999999,Winter
2019-01-28,0.0,Winter
2019-01-29,0.0,Winter
2019-01-30,0.0,Winter
2019-01-31,0.0,Winter
2019-02-01,0.0,Winter
2019-02-02,0.0,Winter
2019-02-03,0.0,Winter
2019-02-04,0.0,Winter
2019-02-05,0.0,Winter
2019-02-06,0.0,Winter
2019-02-07,10.5918,Winter
2019-02-08,11.2014,Winter
2019-02-09,28.194000000000003,Winter
2019-02-10,0.0,Winter
2019-02-11,0.0,Winter
2019-02-12,0.0,Winter
2019-02-13,0.0,Winter
2019-02-14,0.0,Winter
2019-02-15,0.0,Winter
2019-02-16,5.1,Winter
2019-02-17,1.0,Winter
2019-02-18,0.0,Winter
2019-02-19,1.3,Winter
2019-02-20,0.0,Winter
2019-02-21,0.0,Winter
2019-02-22,0.0,Winter
2019-02-23,0.0,Winter
2019-02-24,0.0,Winter
2019-02-25,0.0,Winter
2019-02-26,0.0,Winter
2019-02-27,2.3,Winter
2019-02-28,26.9,Winter
2019-03-01,0.0,Winter
2019-03-02,0.0,Winter
2019-03-03,0.0,Winter
2019-03-04,0.0,Winter
2019-03-05,0.0,Winter
2019-03-06,0.0,Winter
2019-03-07,0.0,Winter
2019-03-08,0.0,Winter
2019-03-09,0.0,Winter
2019-03-10,0.0,Winter
2019-03-11,0.0,Winter
2019-03-12,0.0,Winter
2019-03-13,0.0,Winter
2019-03-14,0.0,Winter
2019-03-15,0.0,Spring
2019-03-16,0.0,Spring
2019-03-17,0.0,Spring
2019-03-18,3.3,Spring
2019-03-19,0.5,Spring
2019-03-20,11.2,Spring
2019-03-21,0.5,Spring
2019-03-22,0.0,Spring
2019-03-23,0.0,Spring
2019-03-24,0.0,Spring
2019-03-25,0.0,Spring
2019-03-26,14.0,Spring
2019-03-27,7.9,Spring
2019-03-28,0.0,Spring
2019-03-29,0.0,Spring
2019-03-30,0.0,Spring
2019-03-31,9.7,Spring
2019-04-01,3.6,Spring
2019-04-02,0.0,Spring
2019-04-03,0.0,Spring
2019-04-04,0.3,Spring
2019-04-05,3.0,Spring
2019-04-06,12.4968,Spring
2019-04-07,4.3,Spring
2019-04-08,0.0,Spring
2019-04-09,6.6,Spring
2019-04-10,0.0,Spring
2019-04-11,0.0,Spring
2019-04-12,0.0,Spring
2019-04-13,0.9906,Spring
2019-04-14,3.0,Spring
2019-04-15,0.0,Spring
2019-04-16,8.991599999999998,Spring
2019-04-17,6.6,Spring
2019-04-18,0.0,Spring
2019-04-19,25.9,Spring
2019-04-20,30.988,Spring
2019-04-21,0.0,Spring
2019-04-22,6.1,Spring
2019-04-23,0.0,Spring
2019-04-24,3.3,Spring
2019-04-25,1.3,Spring
2019-04-26,8.6,Spring
2019-04-27,0.3,Spring
2019-04-28,0.0,Spring
2019-04-29,0.0,Spring
2019-04-30,0.0,Spring
2019-05-01,0.0,Spring
2019-05-02,2.9972,Spring
2019-05-03,6.1,Spring
2019-05-04,0.0,Spring
2019-05-05,0.0,Spring
2019-05-06,0.0,Spring
2019-05-07,0.0,Spring
2019-05-08,0.0,Spring
2019-05-09,0.0,Spring
2019-05-10,0.0,Spring
2019-05-11,0.0,Spring
2019-05-12,0.3,Spring
2019-05-13,7.7978,Spring
2019-05-14,0.0,Spring
2019-05-15,1.0,Spring
2019-05-16,5.8,Summer(Pre-Monsoon)
2019-05-17,0.8,Summer(Pre-Monsoon)
2019-05-18,0.0,Summer(Pre-Monsoon)
2019-05-19,1.0,Summer(Pre-Monsoon)
2019-05-20,0.0,Summer(Pre-Monsoon)
2019-05-21,0.0,Summer(Pre-Monsoon)
2019-05-22,0.0,Summer(Pre-Monsoon)
2019-05-23,3.6,Summer(Pre-Monsoon)
2019-05-24,0.0,Summer(Pre-Monsoon)
2019-05-25,2.0,Summer(Pre-Monsoon)
2019-05-26,1.0,Summer(Pre-Monsoon)
2019-05-27,0.0,Summer(Pre-Monsoon)
2019-05-28,0.0,Summer(Pre-Monsoon)
2019-05-29,13.0,Summer(Pre-Monsoon)
2019-05-30,10.9,Summer(Pre-Monsoon)
2019-05-31,0.0,Summer(Pre-Monsoon)
2019-06-01,8.4,Summer(Pre-Monsoon)
2019-06-02,15.5,Summer(Pre-Monsoon)
2019-06-03,0.0,Summer(Pre-Monsoon)
2019-06-04,0.0,Summer(Pre-Monsoon)
2019-06-05,0.3,Summer(Pre-Monsoon)
2019-06-06,4.6,Summer(Pre-Monsoon)
2019-06-07,17.0,Summer(Pre-Monsoon)
2019-06-08,0.0,Summer(Pre-Monsoon)
2019-06-09,0.0,Summer(Pre-Monsoon)
2019-06-10,4.3,Summer(Pre-Monsoon)
2019-06-11,0.0,Summer(Pre-Monsoon)
2019-06-12,0.0,Summer(Pre-Monsoon)
2019-06-13,0.0,Summer(Pre-Monsoon)
2019-06-14,0.0,Summer(Pre-Monsoon)
2019-06-15,9.7,Summer(Pre-Monsoon)
2019-06-16,0.0,Monsoon
2019-06-17,0.0,Monsoon
2019-06-18,14.5,Monsoon
2019-06-19,1.3,Monsoon
2019-06-20,0.0,Monsoon
2019-06-21,0.0,Monsoon
2019-06-22,20.3,Monsoon
2019-06-23,13.5,Monsoon
2019-06-24,0.8,Monsoon
2019-06-25,0.0,Monsoon
2019-06-26,0.0,Monsoon
2019-06-27,4.6,Monsoon
2019-06-28,5.1,Monsoon
2019-06-29,5.9944,Monsoon
2019-06-30,0.0,Monsoon
2019-07-01,0.0,Monsoon
2019-07-02,1.5,Monsoon
2019-07-03,0.0,Monsoon
2019-07-04,0.0,Monsoon
2019-07-05,0.3,Monsoon
2019-07-06,10.9,Monsoon
2019-07-07,65.8,Monsoon
2019-07-08,2.3,Monsoon
2019-07-09,3.3,Monsoon
2019-07-10,22.8092,Monsoon
2019-07-11,5.6,Monsoon
2019-07-12,115.3,Monsoon
2019-07-13,39.9,Monsoon
2019-07-14,2.5,Monsoon
2019-07-15,27.4,Monsoon
2019-07-16,6.1,Monsoon
2019-07-17,0.0,Monsoon
2019-07-18,52.6,Monsoon
2019-07-19,41.0972,Monsoon
2019-07-20,5.8928,Monsoon
2019-07-21,0.0,Monsoon
2019-07-22,0.5,Monsoon
2019-07-23,17.5,Monsoon
2019-07-24,12.5984,Monsoon
2019-07-25,0.8,Monsoon
2019-07-26,10.4,Monsoon
2019-07-27,3.8,Monsoon
2019-07-28,8.1,Monsoon
2019-07-29,0.0,Monsoon
2019-07-30,0.0,Monsoon
2019-07-31,0.1016,Monsoon
2019-08-01,0.0,Monsoon
2019-08-02,3.2004,Monsoon
2019-08-03,3.8,Monsoon
2019-08-04,0.0,Monsoon
2019-08-05,20.8,Monsoon
2019-08-06,1.0,Monsoon
2019-08-07,23.9,Monsoon
2019-08-08,2.8,Monsoon
2019-08-09,0.5,Monsoon
2019-08-10,0.0,Monsoon
2019-08-11,20.1,Monsoon
2019-08-12,0.5,Monsoon
2019-08-13,16.3,Monsoon
2019-08-14,0.8,Monsoon
2019-08-15,0.6096,Monsoon
2019-08-16,27.4,Monsoon
2019-08-17,14.2,Monsoon
2019-08-18,7.9,Monsoon
2019-08-19,1.5,Monsoon
2019-08-20,3.3,Monsoon
2019-08-21,1.3,Monsoon
2019-08-22,6.1,Monsoon
2019-08-23,0.0,Monsoon
2019-08-24,24.6,Monsoon
2019-08-25,8.9,Monsoon
2019-08-26,4.3,Monsoon
2019-08-27,4.3,Monsoon
2019-08-28,0.0,Monsoon
2019-08-29,0.0,Monsoon
2019-08-30,0.6096,Monsoon
2019-08-31,36.8,Monsoon
2019-09-01,18.0,Monsoon
2019-09-02,12.2,Monsoon
2019-09-03,0.0,Monsoon
2019-09-04,23.4,Monsoon
2019-09-05,43.9,Monsoon
2019-09-06,21.8,Monsoon
2019-09-07,8.4,Monsoon
2019-09-08,3.5052000000000003,Monsoon
2019-09-09,7.4,Monsoon
2019-09-10,32.0,Monsoon
2019-09-11,12.2936,Monsoon
2019-09-12,1.5,Monsoon
2019-09-13,4.6,Monsoon
2019-09-14,5.1,Monsoon
2019-09-15,1.0,Monsoon
2019-09-16,3.8,Autumn
2019-09-17,25.4,Autumn
2019-09-18,17.399,Autumn
2019-09-19,2.0,Autumn
2019-09-20,0.0,Autumn
2019-09-21,0.0,Autumn
2019-09-22,0.9906,Autumn
2019-09-23,0.0,Autumn
2019-09-24,6.9,Autumn
2019-09-25,47.5,Autumn
2019-09-26,8.9,Autumn
2019-09-27,3.8,Autumn
2019-09-28,0.8,Autumn
2019-09-29,0.7111999999999999,Autumn
2019-09-30,0.5,Autumn
2019-10-01,3.0,Autumn
2019-10-02,0.0,Autumn
2019-10-03,0.0,Autumn
2019-10-04,0.0,Autumn
2019-10-05,0.0,Autumn
2019-10-06,0.0,Autumn
2019-10-07,0.0,Autumn
2019-10-08,0.0,Autumn
2019-10-09,1.3,Autumn
2019-10-10,0.0,Autumn
2019-10-11,0.0,Autumn
2019-10-12,0.0,Autumn
2019-10-13,0.0,Autumn
2019-10-14,0.0,Autumn
2019-10-15,0.0,Autumn
2019-10-16,0.0,Autumn
2019-10-17,1.5,Autumn
2019-10-18,0.0,Autumn
2019-10-19,0.0,Autumn
2019-10-20,0.0,Autumn
2019-10-21,0.0,Autumn
2019-10-22,0.0,Autumn
2019-10-23,0.0,Autumn
2019-10-24,0.0,Autumn
2019-10-25,0.0,Autumn
2019-10-26,0.0,Autumn
2019-10-27,0.0,Autumn
2019-10-28,0.0,Autumn
2019-10-29,0.0,Autumn
2019-10-30,0.0,Autumn
2019-10-31,0.0,Autumn
2019-11-01,0.0,Autumn
2019-11-02,0.0,Autumn
2019-11-03,0.0,Autumn
2019-11-04,0.0,Autumn
2019-11-05,99.9998,Autumn
2019-11-06,0.0,Autumn
2019-11-07,0.0,Autumn
2019-11-08,0.1016,Autumn
2019-11-09,0.0,Autumn
2019-11-10,0.0,Autumn
2019-11-11,0.0,Autumn
2019-11-12,0.0,Autumn
2019-11-13,0.0,Autumn
2019-11-14,0.0,Autumn
2019-11-15,0.0,Autumn
2019-11-16,0.0,Winter
2019-11-17,0.0,Winter
2019-11-18,0.0,Winter
2019-11-19,0.3048,Winter
2019-11-20,0.0,Winter
2019-11-21,0.1016,Winter
2019-11-22,0.2032,Winter
2019-11-23,0.2032,Winter
2019-11-24,0.0,Winter
2019-11-25,0.0,Winter
2019-11-26,0.0,Winter
2019-11-27,0.0,Winter
2019-11-28,0.0,Winter
2019-11-29,0.0,Winter
2019-11-30,0.0,Winter
2019-12-01,0.0,Winter
2019-12-02,0.0,Winter
2019-12-03,0.1016,Winter
2019-12-04,0.0,Winter
2019-12-05,0.0,Winter
2019-12-06,0.0,Winter
2019-12-07,0.0,Winter
2019-12-08,0.0,Winter
2019-12-09,0.0,Winter
2019-12-10,0.0,Winter
2019-12-11,0.0,Winter
2019-12-12,0.0,Winter
2019-12-13,3.9878,Winter
2019-12-14,33.3,Winter
2019-12-15,0.0,Winter
2019-12-16,0.0,Winter
2019-12-17,0.0,Winter
2019-12-18,0.0,Winter
2019-12-19,0.0,Winter
2019-12-20,0.0,Winter
2019-12-21,0.0,Winter
2019-12-22,0.0,Winter
2019-12-23,0.0,Winter
2019-12-24,0.0,Winter
2019-12-25,0.0,Winter
2019-12-26,0.0,Winter
2019-12-27,0.0,Winter
2019-12-28,0.0,Winter
2019-12-29,0.0,Winter
2019-12-30,0.0,Winter
2019-12-31,0.0,Winter
2020-01-01,0.0,Winter
2020-01-02,0.0,Winter
2020-01-03,0.3048,Winter
2020-01-04,0.0,Winter
2020-01-05,0.0,Winter
2020-01-06,0.0,Winter
2020-01-07,0.0,Winter
2020-01-08,2.6162,Winter
2020-01-09,1.5,Winter
2020-01-10,0.0,Winter
2020-01-11,0.0,Winter
2020-01-12,0.0,Winter
2020-01-13,0.0,Winter
2020-01-14,0.0,Winter
2020-01-15,0.0,Winter
2020-01-16,0.0,Winter
2020-01-17,48.00599999999999,Winter
2020-01-18,5.0038,Winter
2020-01-19,0.0,Winter
2020-01-20,0.0,Winter
2020-01-21,0.0,Winter
2020-01-22,0.0,Winter
2020-01-23,0.0,Winter
2020-01-24,0.0,Winter
2020-01-25,0.0,Winter
2020-01-26,0.0,Winter
2020-01-27,0.0,Winter
2020-01-28,0.0,Winter
2020-01-29,0.0,Winter
2020-01-30,0.0,Winter
2020-01-31,0.0,Winter
2020-02-01,0.0,Winter
2020-02-02,0.0,Winter
2020-02-03,0.0,Winter
2020-02-04,0.0,Winter
2020-02-05,0.0,Winter
2020-02-06,0.0,Winter
2020-02-07,0.0,Winter
2020-02-08,0.0,Winter
2020-02-09,0.0,Winter
2020-02-10,0.0,Winter
2020-02-11,0.0,Winter
2020-02-12,0.0,Winter
2020-02-13,0.0,Winter
2020-02-14,0.0,Winter
2020-02-15,0.0,Winter
2020-02-16,0.0,Winter
2020-02-17,0.0,Winter
2020-02-18,0.0,Winter
2020-02-19,0.0,Winter
2020-02-20,0.0,Winter
2020-02-21,0.0,Winter
2020-02-22,6.4,Winter
2020-02-23,0.0,Winter
2020-02-24,0.0,Winter
2020-02-25,0.0,Winter
2020-02-26,8.001,Winter
2020-02-27,0.0,Winter
2020-02-28,0.0,Winter
2020-02-29,0.0,Winter
2020-03-01,0.0,Winter
2020-03-02,0.0,Winter
2020-03-03,0.0,Winter
2020-03-04,0.0,Winter
2020-03-05,0.0,Winter
2020-03-06,0.5,Winter
2020-03-07,8.1,Winter
2020-03-08,0.0,Winter
2020-03-09,0.0,Winter
2020-03-10,0.0,Winter
2020-03-11,0.0,Winter
2020-03-12,0.0,Winter
2020-03-13,0.6096,Winter
2020-03-14,2.2352,Winter
2020-03-15,0.0,Spring
2020-03-16,0.0,Spring
2020-03-17,0.0,Spring
2020-03-18,0.0,Spring
2020-03-19,0.1016,Spring
2020-03-20,0.0,Spring
2020-03-21,0.0,Spring
2020-03-22,0.0,Spring
2020-03-23,13.5,Spring
2020-03-24,0.0,Spring
2020-03-25,0.0,Spring
2020-03-26,0.0,Spring
2020-03-27,0.0,Spring
2020-03-28,3.3,Spring
2020-03-29,0.0,Spring
2020-03-30,0.0,Spring
2020-03-31,25.4,Spring
2020-04-01,0.8,Spring
2020-04-02,0.8,Spring
2020-04-03,0.0,Spring
2020-04-04,0.0,Spring
2020-04-05,0.0,Spring
2020-04-06,0.0,Spring
2020-04-07,0.0,Spring
2020-04-08,0.0,Spring
2020-04-09,0.0,Spring
2020-04-10,0.0,Spring
2020-04-11,1.0,Spring
2020-04-12,0.3,Spring
2020-04-13,0.0,Spring
2020-04-14,2.0,Spring
2020-04-15,1.3,Spring
2020-04-16,0.0,Spring
2020-04-17,2.0,Spring
2020-04-18,3.8,Spring
2020-04-19,0.0,Spring
2020-04-20,1.5,Spring
2020-04-21,17.0,Spring
2020-04-22,9.4,Spring
2020-04-23,4.1,Spring
2020-04-24,2.9972,Spring
2020-04-25,27.6098,Spring
2020-04-26,0.0,Spring
2020-04-27,4.6,Spring
2020-04-28,0.0,Spring
2020-04-29,3.8,Spring
2020-04-30,0.3,Spring
2020-05-01,4.3,Spring
2020-05-02,0.3,Spring
2020-05-03,0.0,Spring
2020-05-04,8.1,Spring
2020-05-05,0.0,Spring
2020-05-06,5.0038,Spring
2020-05-07,9.7,Spring
2020-05-08,0.0,Spring
2020-05-09,0.0,Spring
2020-05-10,0.3,Spring
2020-05-11,0.2032,Spring
2020-05-12,0.0,Spring
2020-05-13,0.0,Spring
2020-05-14,0.0,Spring
2020-05-15,0.3,Spring
2020-05-16,0.0,Summer(Pre-Monsoon)
2020-05-17,0.0,Summer(Pre-Monsoon)
2020-05-18,0.0,Summer(Pre-Monsoon)
2020-05-19,0.3,Summer(Pre-Monsoon)
2020-05-20,0.0,Summer(Pre-Monsoon)
2020-05-21,0.0,Summer(Pre-Monsoon)
2020-05-22,0.0,Summer(Pre-Monsoon)
2020-05-23,0.0,Summer(Pre-Monsoon)
2020-05-24,0.0,Summer(Pre-Monsoon)
2020-05-25,1.0,Summer(Pre-Monsoon)
2020-05-26,28.7,Summer(Pre-Monsoon)
2020-05-27,19.8,Summer(Pre-Monsoon)
2020-05-28,0.1016,Summer(Pre-Monsoon)
2020-05-29,0.1016,Summer(Pre-Monsoon)
2020-05-30,0.0,Summer(Pre-Monsoon)
2020-05-31,0.0,Summer(Pre-Monsoon)
2020-06-01,0.0,Summer(Pre-Monsoon)
2020-06-02,0.0,Summer(Pre-Monsoon)
2020-06-03,0.0,Summer(Pre-Monsoon)
2020-06-04,0.889,Summer(Pre-Monsoon)
2020-06-05,0.2032,Summer(Pre-Monsoon)
2020-06-06,0.0,Summer(Pre-Monsoon)
2020-06-07,0.0,Summer(Pre-Monsoon)
2020-06-08,0.0,Summer(Pre-Monsoon)
2020-06-09,0.0,Summer(Pre-Monsoon)
2020-06-10,0.0,Summer(Pre-Monsoon)
2020-06-11,0.2032,Summer(Pre-Monsoon)
2020-06-12,0.0,Summer(Pre-Monsoon)
2020-06-13,0.0,Summer(Pre-Monsoon)
2020-06-14,0.7111999999999999,Summer(Pre-Monsoon)
2020-06-15,0.0,Summer(Pre-Monsoon)
2020-06-16,8.7884,Monsoon
2020-06-17,0.6096,Monsoon
2020-06-18,0.0,Monsoon
2020-06-19,0.0,Monsoon
2020-06-20,0.0,Monsoon
2020-06-21,0.0,Monsoon
2020-06-22,3.7846,Monsoon
2020-06-23,0.0,Monsoon
2020-06-24,0.4064,Monsoon
2020-06-25,0.0,Monsoon
2020-06-26,5.08,Monsoon
2020-06-27,0.0,Monsoon
2020-06-28,0.0,Monsoon
2020-06-29,0.3048,Monsoon
2020-06-30,0.1016,Monsoon
2020-07-01,0.0,Monsoon
2020-07-02,1.7018,Monsoon
2020-07-03,0.0,Monsoon
2020-07-04,0.0,Monsoon
2020-07-05,0.0,Monsoon
2020-07-06,0.0,Monsoon
2020-07-07,4.5974,Monsoon
2020-07-08,0.3048,Monsoon
2020-07-09,0.0,Monsoon
2020-07-10,0.0,Monsoon
2020-07-11,0.0,Monsoon
2020-07-12,0.0,Monsoon
2020-07-13,0.2032,Monsoon
2020-07-14,0.1016,Monsoon
2020-07-15,0.0,Monsoon
2020-07-16,0.0,Monsoon
2020-07-17,1.7018,Monsoon
2020-07-18,0.0,Monsoon
2020-07-19,0.0,Monsoon
2020-07-20,0.0,Monsoon
2020-07-21,0.508,Monsoon
2020-07-22,1.905,Monsoon
2020-07-23,0.0,Monsoon
2020-07-24,15.493999999999998,Monsoon
2020-07-25,0.1016,Monsoon
2020-07-26,0.0,Monsoon
2020-07-27,1.397,Monsoon
2020-07-28,1.4986,Monsoon
2020-07-29,0.1016,Monsoon
2020-07-30,0.0,Monsoon
2020-07-31,0.0,Monsoon
2020-08-01,2.3114,Monsoon
2020-08-02,0.0,Monsoon
2020-08-03,0.7111999999999999,Monsoon
2020-08-04,0.0,Monsoon
2020-08-05,0.0,Monsoon
2020-08-06,3.5052000000000003,Monsoon
2020-08-07,0.2032,Monsoon
2020-08-08,0.0,Monsoon
2020-08-09,0.0,Monsoon
2020-08-10,0.0,Monsoon
2020-08-11,0.0,Monsoon
2020-08-12,0.0,Monsoon
2020-08-13,2.0828,Monsoon
2020-08-14,0.0,Monsoon
2020-08-15,0.0,Monsoon
2020-08-16,0.0,Monsoon
2020-08-17,0.0,Monsoon
2020-08-18,0.0,Monsoon
2020-08-19,0.0,Monsoon
2020-08-20,0.3048,Monsoon
2020-08-21,0.0,Monsoon
2020-08-22,0.7111999999999999,Monsoon
2020-08-23,0.0,Monsoon
2020-08-24,0.0,Monsoon
2020-08-25,0.2032,Monsoon
2020-08-26,0.4064,Monsoon
2020-08-27,0.0,Monsoon
2020-08-28,0.0,Monsoon
2020-08-29,0.0,Monsoon
2020-08-30,0.0,Monsoon
2020-08-31,0.1016,Monsoon
2020-09-01,0.0,Monsoon
2020-09-02,0.0,Monsoon
2020-09-03,0.0,Monsoon
2020-09-04,0.0,Monsoon
2020-09-05,0.0,Monsoon
2020-09-06,0.0,Monsoon
2020-09-07,0.1016,Monsoon
2020-09-08,0.0,Monsoon
2020-09-09,0.0,Monsoon
2020-09-10,0.3048,Monsoon
2020-09-11,0.0,Monsoon
2020-09-12,0.0,Monsoon
2020-09-13,0.0,Monsoon
2020-09-14,0.0,Monsoon
2020-09-15,0.1016,Monsoon
2020-09-16,0.6096,Autumn
2020-09-17,0.0,Autumn
2020-09-18,0.0,Autumn
2020-09-19,0.0,Autumn
2020-09-20,0.0,Autumn
2020-09-21,0.0,Autumn
2020-09-22,0.1016,Autumn
2020-09-23,0.0,Autumn
2020-09-24,0.0,Autumn
2020-09-25,4.699,Autumn
2020-09-26,0.0,Autumn
2020-09-27,0.0,Autumn
2020-09-28,0.0,Autumn
2020-09-29,0.0,Autumn
2020-09-30,0.4064,Autumn
2020-10-01,0.1016,Autumn
2020-10-02,0.0,Autumn
2020-10-03,0.0,Autumn
2020-10-04,0.0,Autumn
2020-10-05,0.0,Autumn
2020-10-06,0.0,Autumn
2020-10-07,0.0,Autumn
2020-10-08,0.0,Autumn
2020-10-09,0.0,Autumn
2020-10-10,0.0,Autumn
2020-10-11,0.0,Autumn
2020-10-12,0.0,Autumn
2020-10-13,0.0,Autumn
2020-10-14,0.0,Autumn
2020-10-15,0.0,Autumn
2020-10-16,0.0,Autumn
2020-10-17,0.0,Autumn
2020-10-18,0.0,Autumn
2020-10-19,0.0,Autumn
2020-10-20,0.0,Autumn
2020-10-21,0.0,Autumn
2020-10-22,0.0,Autumn
2020-10-23,0.0,Autumn
2020-10-24,0.0,Autumn
2020-10-25,0.0,Autumn
2020-10-26,0.0,Autumn
2020-10-27,0.0,Autumn
2020-10-28,0.0,Autumn
2020-10-29,0.0,Autumn
2020-10-30,0.0,Autumn
2020-10-31,0.0,Autumn
2020-11-01,0.0,Autumn
2020-11-02,0.0,Autumn
2020-11-03,0.0,Autumn
2020-11-04,0.3,Autumn
2020-11-05,0.0,Autumn
2020-11-06,0.0,Autumn
2020-11-07,0.0,Autumn
2020-11-08,0.0,Autumn
2020-11-09,0.0,Autumn
2020-11-10,0.0,Autumn
2020-11-11,0.0,Autumn
2020-11-12,0.0,Autumn
2020-11-13,0.0,Autumn
2020-11-14,0.0,Autumn
2020-11-15,0.0,Autumn
2020-11-16,0.0,Winter
2020-11-17,0.0,Winter
2020-11-18,0.0,Winter
2020-11-19,0.0,Winter
2020-11-20,0.0,Winter
2020-11-21,0.0,Winter
2020-11-22,0.0,Winter
2020-11-23,0.0,Winter
2020-11-24,0.0,Winter
2020-11-25,0.0,Winter
2020-11-26,0.0,Winter
2020-11-27,0.0,Winter
2020-11-28,0.0,Winter
2020-11-29,0.0,Winter
2020-11-30,0.0,Winter
2020-12-01,0.0,Winter
2020-12-02,0.0,Winter
2020-12-03,0.0,Winter
2020-12-04,0.0,Winter
2020-12-05,0.0,Winter
2020-12-06,0.0,Winter
2020-12-07,0.0,Winter
2020-12-08,0.0,Winter
2020-12-09,0.0,Winter
2020-12-10,0.0,Winter
2020-12-11,0.0,Winter
2020-12-12,0.0,Winter
2020-12-13,0.0,Winter
2020-12-14,0.0,Winter
2020-12-15,0.0,Winter
2020-12-16,0.0,Winter
2020-12-17,0.0,Winter
2020-12-18,0.0,Winter
2020-12-19,0.0,Winter
2020-12-20,0.0,Winter
2020-12-21,0.0,Winter
2020-12-22,0.0,Winter
2020-12-23,0.0,Winter
2020-12-24,0.0,Winter
2020-12-25,0.0,Winter
2020-12-26,0.0,Winter
2020-12-27,0.0,Winter
2020-12-28,0.0,Winter
2020-12-29,0.0,Winter
2020-12-30,0.0,Winter
2020-12-31,0.0,Winter
2021-01-01,0.0,Winter
2021-01-02,0.0,Winter
2021-01-03,0.0,Winter
2021-01-04,0.0,Winter
2021-01-05,0.0,Winter
2021-01-06,0.0,Winter
2021-01-07,0.0,Winter
2021-01-08,0.0,Winter
2021-01-09,0.0,Winter
2021-01-10,0.0,Winter
2021-01-11,0.0,Winter
2021-01-12,0.0,Winter
2021-01-13,0.0,Winter
2021-01-14,0.0,Winter
2021-01-15,0.0,Winter
2021-01-16,0.0,Winter
2021-01-17,0.0,Winter
2021-01-18,0.0,Winter
2021-01-19,0.0,Winter
2021-01-20,0.0,Winter
2021-01-21,0.0,Winter
2021-01-22,0.0,Winter
2021-01-23,0.0,Winter
2021-01-24,0.0,Winter
2021-01-25,0.0,Winter
2021-01-26,0.0,Winter
2021-01-27,0.0,Winter
2021-01-28,0.0,Winter
2021-01-29,0.0,Winter
2021-01-30,0.0,Winter
2021-01-31,0.0,Winter
2021-02-01,0.0,Winter
2021-02-02,0.0,Winter
2021-02-03,0.0,Winter
2021-02-04,0.0,Winter
2021-02-05,0.0,Winter
2021-02-06,1.3,Winter
2021-02-07,0.0,Winter
2021-02-08,0.0,Winter
2021-02-09,0.0,Winter
2021-02-10,0.0,Winter
2021-02-11,0.0,Winter
2021-02-12,0.3048,Winter
2021-02-13,0.0,Winter
2021-02-14,0.0,Winter
2021-02-15,0.0,Winter
2021-02-16,0.0,Winter
2021-02-17,0.0,Winter
2021-02-18,0.0,Winter
2021-02-19,0.2032,Winter
2021-02-20,0.0,Winter
2021-02-21,0.0,Winter
2021-02-22,0.0,Winter
2021-02-23,0.0,Winter
2021-02-24,0.0,Winter
2021-02-25,0.0,Winter
2021-02-26,0.0,Winter
2021-02-27,0.0,Winter
2021-02-28,0.0,Winter
2021-03-01,0.0,Winter
2021-03-02,0.0,Winter
2021-03-03,0.0,Winter
2021-03-04,0.0,Winter
2021-03-05,0.0,Winter
2021-03-06,6.1,Winter
2021-03-07,0.0,Winter
2021-03-08,0.0,Winter
2021-03-09,0.0,Winter
2021-03-10,0.0,Winter
2021-03-11,0.5,Winter
2021-03-12,0.0,Winter
2021-03-13,0.0,Winter
2021-03-14,0.0,Winter
2021-03-15,0.0,Spring
2021-03-16,0.0,Spring
2021-03-17,0.0,Spring
2021-03-18,0.0,Spring
2021-03-19,0.0,Spring
2021-03-20,0.0,Spring
2021-03-21,0.0,Spring
2021-03-22,0.0,Spring
2021-03-23,0.0,Spring
2021-03-24,0.0,Spring
2021-03-25,0.0,Spring
2021-03-26,0.0,Spring
2021-03-27,0.0,Spring
2021-03-28,0.0,Spring
2021-03-29,0.0,Spring
2021-03-30,0.0,Spring
2021-03-31,0.0,Spring
2021-04-01,9.9,Spring
2021-04-02,0.0,Spring
2021-04-03,0.0,Spring
2021-04-04,0.0,Spring
2021-04-05,0.0,Spring
2021-04-06,0.0,Spring
2021-04-07,0.0,Spring
2021-04-08,0.0,Spring
2021-04-09,0.0,Spring
2021-04-10,1.0,Spring
2021-04-11,0.0,Spring
2021-04-12,0.0,Spring
2021-04-13,0.0,Spring
2021-04-14,0.0,Spring
2021-04-15,0.0,Spring
2021-04-16,11.9,Spring
2021-04-17,1.3,Spring
2021-04-18,0.3,Spring
2021-04-19,7.4,Spring
2021-04-20,0.0,Spring
2021-04-21,0.0,Spring
2021-04-22,6.6,Spring
2021-04-23,0.0,Spring
2021-04-24,0.0,Spring
2021-04-25,0.0,Spring
2021-04-26,0.0,Spring
2021-04-27,0.0,Spring
2021-04-28,0.0,Spring
2021-04-29,5.3,Spring
2021-04-30,1.0,Spring
2021-05-01,0.3,Spring
2021-05-02,12.8016,Spring
2021-05-03,0.0,Spring
2021-05-04,0.0,Spring
2021-05-05,1.5,Spring
2021-05-06,0.8,Spring
2021-05-07,0.0,Spring
2021-05-08,0.0,Spring
2021-05-09,0.0,Spring
2021-05-10,1.3,Spring
2021-05-11,7.9,Spring
2021-05-12,7.1,Spring
2021-05-13,5.1,Spring
2021-05-14,0.0,Spring
2021-05-15,0.0,Spring
2021-05-16,0.0,Summer(Pre-Monsoon)
2021-05-17,0.0,Summer(Pre-Monsoon)
2021-05-18,0.0,Summer(Pre-Monsoon)
2021-05-19,0.0,Summer(Pre-Monsoon)
2021-05-20,8.6,Summer(Pre-Monsoon)
2021-05-21,3.0,Summer(Pre-Monsoon)
2021-05-22,0.0,Summer(Pre-Monsoon)
2021-05-23,0.0,Summer(Pre-Monsoon)
2021-05-24,0.3,Summer(Pre-Monsoon)
2021-05-25,3.8,Summer(Pre-Monsoon)
2021-05-26,5.1,Summer(Pre-Monsoon)
2021-05-27,31.2,Summer(Pre-Monsoon)
2021-05-28,31.1912,Summer(Pre-Monsoon)
2021-05-29,9.906,Summer(Pre-Monsoon)
2021-05-30,0.0,Summer(Pre-Monsoon)
2021-05-31,17.5,Summer(Pre-Monsoon)
2021-06-01,0.0,Summer(Pre-Monsoon)
2021-06-02,0.0,Summer(Pre-Monsoon)
2021-06-03,0.0,Summer(Pre-Monsoon)
2021-06-04,0.0,Summer(Pre-Monsoon)
2021-06-05,0.0,Summer(Pre-Monsoon)
2021-06-06,0.0,Summer(Pre-Monsoon)
2021-06-07,0.0,Summer(Pre-Monsoon)
2021-06-08,0.0,Summer(Pre-Monsoon)
2021-06-09,5.8,Summer(Pre-Monsoon)
2021-06-10,36.6,Summer(Pre-Monsoon)
2021-06-11,24.4,Summer(Pre-Monsoon)
2021-06-12,30.7,Summer(Pre-Monsoon)
2021-06-13,8.6106,Summer(Pre-Monsoon)
2021-06-14,18.8,Summer(Pre-Monsoon)
2021-06-15,15.0,Summer(Pre-Monsoon)
2021-06-16,4.8,Monsoon
2021-06-17,4.3942,Monsoon
2021-06-18,0.3,Monsoon
2021-06-19,0.3,Monsoon
2021-06-20,2.8,Monsoon
2021-06-21,0.0,Monsoon
2021-06-22,0.0,Monsoon
2021-06-23,1.3,Monsoon
2021-06-24,7.4,Monsoon
2021-06-25,2.8,Monsoon
2021-06-26,34.8,Monsoon
2021-06-27,4.3,Monsoon
2021-06-28,0.0,Monsoon
2021-06-29,3.9878,Monsoon
2021-06-30,2.5,Monsoon
2021-07-01,53.1,Monsoon
2021-07-02,46.0,Monsoon
2021-07-03,6.1,Monsoon
2021-07-04,0.3,Monsoon
2021-07-05,10.4,Monsoon
2021-07-06,27.9908,Monsoon
2021-07-07,0.4064,Monsoon
2021-07-08,20.6,Monsoon
2021-07-09,20.3,Monsoon
2021-07-10,69.3,Monsoon
2021-07-11,21.59,Monsoon
2021-07-12,14.5,Monsoon
2021-07-13,28.4,Monsoon
2021-07-14,39.5986,Monsoon
2021-07-15,1.3,Monsoon
2021-07-16,1.5,Monsoon
2021-07-17,8.9,Monsoon
2021-07-18,2.5,Monsoon
2021-07-19,1.0,Monsoon
2021-07-20,13.9954,Monsoon
2021-07-21,3.3,Monsoon
2021-07-22,7.9,Monsoon
2021-07-23,0.0,Monsoon
2021-07-24,42.9,Monsoon
2021-07-25,10.9,Monsoon
2021-07-26,26.9,Monsoon
2021-07-27,5.4102,Monsoon
2021-07-28,17.5,Monsoon
2021-07-29,18.5,Monsoon
2021-07-30,9.9,Monsoon
2021-07-31,9.1,Monsoon
2021-08-01,0.3,Monsoon
2021-08-02,0.7111999999999999,Monsoon
2021-08-03,0.6096,Monsoon
2021-08-04,4.3,Monsoon
2021-08-05,0.8,Monsoon
2021-08-06,10.7,Monsoon
2021-08-07,7.4,Monsoon
2021-08-08,14.0,Monsoon
2021-08-09,18.0,Monsoon
2021-08-10,0.5,Monsoon
2021-08-11,0.8,Monsoon
2021-08-12,10.4,Monsoon
2021-08-13,3.3,Monsoon
2021-08-14,4.6,Monsoon
2021-08-15,5.6,Monsoon
2021-08-16,0.0,Monsoon
2021-08-17,18.8,Monsoon
2021-08-18,4.8,Monsoon
2021-08-19,18.3,Monsoon
2021-08-20,0.0,Monsoon
2021-08-21,0.0,Monsoon
2021-08-22,2.9972,Monsoon
2021-08-23,24.9,Monsoon
2021-08-24,5.6,Monsoon
2021-08-25,1.5,Monsoon
2021-08-26,1.3,Monsoon
2021-08-27,41.4,Monsoon
2021-08-28,13.7,Monsoon
2021-08-29,25.1,Monsoon
2021-08-30,7.9,Monsoon
2021-08-31,23.9,Monsoon
2021-09-01,0.6096,Monsoon
2021-09-02,3.8,Monsoon
2021-09-03,5.6,Monsoon
2021-09-04,0.0,Monsoon
2021-09-05,11.7,Monsoon
2021-09-06,121.7,Monsoon
2021-09-07,12.2,Monsoon
2021-09-08,35.1,Monsoon
2021-09-09,0.0,Monsoon
2021-09-10,0.0,Monsoon
2021-09-11,0.0,Monsoon
2021-09-12,0.5,Monsoon
2021-09-13,13.2,Monsoon
2021-09-14,1.905,Monsoon
2021-09-15,2.9972,Monsoon
2021-09-16,0.889,Autumn
2021-09-17,4.2926,Autumn
2021-09-18,0.3,Autumn
2021-09-19,0.0,Autumn
2021-09-20,0.5,Autumn
2021-09-21,25.4,Autumn
2021-09-22,19.6,Autumn
2021-09-23,2.3,Autumn
2021-09-24,0.0,Autumn
2021-09-25,0.0,Autumn
2021-09-26,21.1,Autumn
2021-09-27,1.397,Autumn
2021-09-28,15.5,Autumn
2021-09-29,0.3,Autumn
2021-09-30,0.0,Autumn
2021-10-01,0.0,Autumn
2021-10-02,0.0,Autumn
2021-10-03,3.8,Autumn
2021-10-04,2.8,Autumn
2021-10-05,38.6,Autumn
2021-10-06,0.0,Autumn
2021-10-07,0.0,Autumn
2021-10-08,0.0,Autumn
2021-10-09,0.0,Autumn
2021-10-10,0.0,Autumn
2021-10-11,0.0,Autumn
2021-10-12,0.0,Autumn
2021-10-13,0.0,Autumn
2021-10-14,0.0,Autumn
2021-10-15,0.0,Autumn
2021-10-16,0.0,Autumn
2021-10-17,9.4,Autumn
2021-10-18,3.8,Autumn
2021-10-19,4.0894,Autumn
2021-10-20,5.3,Autumn
2021-10-21,0.0,Autumn
2021-10-22,0.0,Autumn
2021-10-23,0.0,Autumn
2021-10-24,0.0,Autumn
2021-10-25,0.0,Autumn
2021-10-26,0.0,Autumn
2021-10-27,0.0,Autumn
2021-10-28,0.0,Autumn
2021-10-29,0.0,Autumn
2021-10-30,0.0,Autumn
2021-10-31,0.0,Autumn
2021-11-01,0.0,Autumn
2021-11-02,0.0,Autumn
2021-11-03,0.0,Autumn
2021-11-04,0.0,Autumn
2021-11-05,0.0,Autumn
2021-11-06,0.0,Autumn
2021-11-07,0.0,Autumn
2021-11-08,0.0,Autumn
2021-11-09,0.0,Autumn
2021-11-10,0.0,Autumn
2021-11-11,0.0,Autumn
2021-11-12,0.0,Autumn
2021-11-13,0.0,Autumn
2021-11-14,0.0,Autumn
2021-11-15,0.0,Autumn
2021-11-16,0.0,Winter
2021-11-17,0.0,Winter
2021-11-18,0.0,Winter
2021-11-19,0.0,Winter
2021-11-20,0.0,Winter
2021-11-21,0.0,Winter
2021-11-22,0.0,Winter
2021-11-23,0.0,Winter
2021-11-24,0.0,Winter
2021-11-25,0.0,Winter
2021-11-26,0.0,Winter
2021-11-27,0.0,Winter
2021-11-28,0.0,Winter
2021-11-29,0.0,Winter
2021-11-30,0.0,Winter
2021-12-01,0.0,Winter
2021-12-02,0.0,Winter
2021-12-03,0.0,Winter
2021-12-04,2.0066,Winter
2021-12-05,0.0,Winter
2021-12-06,0.0,Winter
2021-12-07,0.0,Winter
2021-12-08,0.0,Winter
2021-12-09,0.0,Winter
2021-12-10,0.0,Winter
2021-12-11,0.0,Winter
2021-12-12,0.0,Winter
2021-12-13,0.0,Winter
2021-12-14,0.0,Winter
2021-12-15,0.0,Winter
2021-12-16,0.0,Winter
2021-12-17,0.0,Winter
2021-12-18,0.0,Winter
2021-12-19,0.0,Winter
2021-12-20,0.0,Winter
2021-12-21,0.0,Winter
2021-12-22,0.0,Winter
2021-12-23,0.0,Winter
2021-12-24,0.0,Winter
2021-12-25,0.0,Winter
2021-12-26,0.0,Winter
2021-12-27,0.0,Winter
2021-12-28,0.0,Winter
2021-12-29,37.3888,Winter
2021-12-30,8.4,Winter
2021-12-31,0.0,Winter
2022-01-01,0.0,Winter
2022-01-02,0.0,Winter
2022-01-03,0.0,Winter
2022-01-04,0.0,Winter
2022-01-05,0.0,Winter
2022-01-06,0.0,Winter
2022-01-07,0.0,Winter
2022-01-08,0.0,Winter
2022-01-09,0.0,Winter
2022-01-10,0.0,Winter
2022-01-11,0.0,Winter
2022-01-12,0.0,Winter
2022-01-13,3.0,Winter
2022-01-14,0.0,Winter
2022-01-15,0.0,Winter
2022-01-16,0.0,Winter
2022-01-17,0.0,Winter
2022-01-18,0.0,Winter
2022-01-19,0.0,Winter
2022-01-20,0.3,Winter
2022-01-21,1.8,Winter
2022-01-22,0.0,Winter
2022-01-23,0.2032,Winter
2022-01-24,0.0,Winter
2022-01-25,0.0,Winter
2022-01-26,0.0,Winter
2022-01-27,0.0,Winter
2022-01-28,0.0,Winter
2022-01-29,0.0,Winter
2022-01-30,0.0,Winter
2022-01-31,0.0,Winter
2022-02-01,0.0,Winter
2022-02-02,0.0,Winter
2022-02-03,0.0,Winter
2022-02-04,41.9,Winter
2022-02-05,8.4,Winter
2022-02-06,0.0,Winter
2022-02-07,0.0,Winter
2022-02-08,0.0,Winter
2022-02-09,0.0,Winter
2022-02-10,0.0,Winter
2022-02-11,0.0,Winter
2022-02-12,0.0,Winter
2022-02-13,0.0,Winter
2022-02-14,0.0,Winter
2022-02-15,0.0,Winter
2022-02-16,0.0,Winter
2022-02-17,0.0,Winter
2022-02-18,0.0,Winter
2022-02-19,0.0,Winter
2022-02-20,0.0,Winter
2022-02-21,1.8,Winter
2022-02-22,0.0,Winter
2022-02-23,0.0,Winter
2022-02-24,0.0,Winter
2022-02-25,0.0,Winter
2022-02-26,0.0,Winter
2022-02-27,0.0,Winter
2022-02-28,0.0,Winter
2022-03-01,0.0,Winter
2022-03-02,0.0,Winter
2022-03-03,0.0,Winter
2022-03-04,0.0,Winter
2022-03-05,0.0,Winter
2022-03-06,0.0,Winter
2022-03-07,0.0,Winter
2022-03-08,0.0,Winter
2022-03-09,0.0,Winter
2022-03-10,0.0,Winter
2022-03-11,0.0,Winter
2022-03-12,0.0,Winter
2022-03-13,0.0,Winter
2022-03-14,0.0,Winter
2022-03-15,0.0,Spring
2022-03-16,4.6,Spring
2022-03-17,4.6,Spring
2022-03-18,0.0,Spring
2022-03-19,0.0,Spring
2022-03-20,0.0,Spring
2022-03-21,0.0,Spring
2022-03-22,0.0,Spring
2022-03-23,0.0,Spring
2022-03-24,0.0,Spring
2022-03-25,0.3,Spring
2022-03-26,0.0,Spring
2022-03-27,0.0,Spring
2022-03-28,0.0,Spring
2022-03-29,0.0,Spring
2022-03-30,0.0,Spring
2022-03-31,0.0,Spring
2022-04-01,0.0,Spring
2022-04-02,0.0,Spring
2022-04-03,0.0,Spring
2022-04-04,0.0,Spring
2022-04-05,0.0,Spring
2022-04-06,0.0,Spring
2022-04-07,0.0,Spring
2022-04-08,0.0,Spring
2022-04-09,1.0,Spring
2022-04-10,1.3,Spring
2022-04-11,0.8,Spring
2022-04-12,0.508,Spring
2022-04-13,0.0,Spring
2022-04-14,3.0,Spring
2022-04-15,0.0,Spring
2022-04-16,0.0,Spring
2022-04-17,0.0,Spring
2022-04-18,0.0,Spring
2022-04-19,0.0,Spring
2022-04-20,2.3,Spring
2022-04-21,0.3,Spring
2022-04-22,0.0,Spring
2022-04-23,1.0,Spring
2022-04-24,0.0,Spring
2022-04-25,0.0,Spring
2022-04-26,0.0,Spring
2022-04-27,0.0,Spring
2022-04-28,0.0,Spring
2022-04-29,1.5,Spring
2022-04-30,3.0,Spring
2022-05-01,0.5,Spring
2022-05-02,0.0,Spring
2022-05-03,5.1,Spring
2022-05-04,0.0,Spring
2022-05-05,25.9,Spring
2022-05-06,0.8,Spring
2022-05-07,0.0,Spring
2022-05-08,1.3,Spring
2022-05-09,59.5884,Spring
2022-05-10,23.4,Spring
2022-05-11,8.9,Spring
2022-05-12,0.3,Spring
2022-05-13,1.5,Spring
2022-05-14,15.189199999999998,Spring
2022-05-15,0.0,Spring
2022-05-16,28.3972,Summer(Pre-Monsoon)
2022-05-17,4.3,Summer(Pre-Monsoon)
2022-05-18,0.0,Summer(Pre-Monsoon)
2022-05-19,0.0,Summer(Pre-Monsoon)
2022-05-20,6.6,Summer(Pre-Monsoon)
2022-05-21,8.4,Summer(Pre-Monsoon)
2022-05-22,7.6,Summer(Pre-Monsoon)
2022-05-23,16.5,Summer(Pre-Monsoon)
2022-05-24,0.0,Summer(Pre-Monsoon)
2022-05-25,49.8,Summer(Pre-Monsoon)
2022-05-26,41.9,Summer(Pre-Monsoon)
2022-05-27,1.5,Summer(Pre-Monsoon)
2022-05-28,3.6,Summer(Pre-Monsoon)
2022-05-29,13.6,Summer(Pre-Monsoon)
2022-05-30,1.5,Summer(Pre-Monsoon)
2022-05-31,6.9,Summer(Pre-Monsoon)
2022-06-01,0.0,Summer(Pre-Monsoon)
2022-06-02,0.0,Summer(Pre-Monsoon)
2022-06-03,8.9,Summer(Pre-Monsoon)
2022-06-04,1.0,Summer(Pre-Monsoon)
2022-06-05,17.0,Summer(Pre-Monsoon)
2022-06-06,0.0,Summer(Pre-Monsoon)
2022-06-07,0.5,Summer(Pre-Monsoon)
2022-06-08,32.5,Summer(Pre-Monsoon)
2022-06-09,8.4,Summer(Pre-Monsoon)
2022-06-10,1.0,Summer(Pre-Monsoon)
2022-06-11,0.0,Summer(Pre-Monsoon)
2022-06-12,0.0,Summer(Pre-Monsoon)
2022-06-13,5.1,Summer(Pre-Monsoon)
2022-06-14,51.6,Summer(Pre-Monsoon)
2022-06-15,54.9,Summer(Pre-Monsoon)
2022-06-16,12.7,Monsoon
2022-06-17,6.4,Monsoon
2022-06-18,14.5,Monsoon
2022-06-19,26.2,Monsoon
2022-06-20,0.0,Monsoon
2022-06-21,25.4,Monsoon
2022-06-22,7.6,Monsoon
2022-06-23,6.3,Monsoon
2022-06-24,19.1,Monsoon
2022-06-25,3.8,Monsoon
2022-06-26,24.1,Monsoon
2022-06-27,13.7,Monsoon
2022-06-28,4.1,Monsoon
2022-06-29,89.9,Monsoon
2022-06-30,2.4,Monsoon
2022-07-01,10.5,Monsoon
2022-07-02,25.2,Monsoon
2022-07-03,32.2,Monsoon
2022-07-04,0.5,Monsoon
2022-07-05,0.3,Monsoon
2022-07-06,13.0,Monsoon
2022-07-07,11.4,Monsoon
2022-07-08,48.3,Monsoon
2022-07-09,8.4,Monsoon
2022-07-10,13.2,Monsoon
2022-07-11,2.3,Monsoon
2022-07-12,1.5,Monsoon
2022-07-13,4.1,Monsoon
2022-07-14,0.8,Monsoon
2022-07-15,5.2,Monsoon
2022-07-16,10.2,Monsoon
2022-07-17,6.1,Monsoon
2022-07-18,3.8,Monsoon
2022-07-19,3.3,Monsoon
2022-07-20,3.0,Monsoon
2022-07-21,45.5,Monsoon
2022-07-22,14.7,Monsoon
2022-07-23,25.4,Monsoon
2022-07-24,25.1,Monsoon
2022-07-25,6.9,Monsoon
2022-07-26,20.6,Monsoon
2022-07-27,43.4,Monsoon
2022-07-28,11.7,Monsoon
2022-07-29,22.5,Monsoon
2022-07-30,7.4,Monsoon
2022-07-31,37.1,Monsoon
2022-08-01,24.1,Monsoon
2022-08-02,9.4,Monsoon
2022-08-03,5.1,Monsoon
2022-08-04,3.3,Monsoon
2022-08-05,0.0,Monsoon
2022-08-06,38.1,Monsoon
2022-08-07,1.3,Monsoon
2022-08-08,2.8,Monsoon
2022-08-09,5.3,Monsoon
2022-08-10,76.2,Monsoon
2022-08-11,0.5,Monsoon
2022-08-12,0.0,Monsoon
2022-08-13,4.1,Monsoon
2022-08-14,32.0,Monsoon
2022-08-15,1.0,Monsoon
2022-08-16,0.0,Monsoon
2022-08-17,0.0,Monsoon
2022-08-18,1.5,Monsoon
2022-08-19,24.9,Monsoon
2022-08-20,37.1,Monsoon
2022-08-21,0.0,Monsoon
2022-08-22,0.0,Monsoon
2022-08-23,29.2,Monsoon
2022-08-24,3.3,Monsoon
2022-08-25,0.0,Monsoon
2022-08-26,0.3,Monsoon
2022-08-27,0.0,Monsoon
2022-08-28,30.5,Monsoon
2022-08-29,3.6,Monsoon
2022-08-30,0.0,Monsoon
2022-08-31,1.8,Monsoon
2022-09-01,0.0,Monsoon
2022-09-02,1.0,Monsoon
2022-09-03,0.5,Monsoon
2022-09-04,16.5,Monsoon
2022-09-05,0.3,Monsoon
2022-09-06,3.0,Monsoon
2022-09-07,40.4,Monsoon
2022-09-08,1.5,Monsoon
2022-09-09,9.9,Monsoon
2022-09-10,14.5,Monsoon
2022-09-11,5.3,Monsoon
2022-09-12,0.3,Monsoon
2022-09-13,5.1,Monsoon
2022-09-14,9.4,Monsoon
2022-09-15,20.1,Monsoon
2022-09-16,3.3,Autumn
2022-09-17,7.6,Autumn
2022-09-18,0.0,Autumn
2022-09-19,0.3,Autumn
2022-09-20,0.3,Autumn
2022-09-21,0.3,Autumn
2022-09-22,6.6,Autumn
2022-09-23,16.3,Autumn
2022-09-24,6.8,Autumn
2022-09-25,20.8,Autumn
2022-09-26,5.8,Autumn
2022-09-27,0.0,Autumn
2022-09-28,1.4,Autumn
2022-09-29,0.7,Autumn
2022-09-30,12.6,Autumn
2022-10-01,0.0,Autumn
2022-10-02,0.0,Autumn
2022-10-03,34.0,Autumn
2022-10-04,16.8,Autumn
2022-10-05,53.2,Autumn
2022-10-06,47.8,Autumn
2022-10-07,9.4,Autumn
2022-10-08,1.3,Autumn
2022-10-09,0.0,Autumn
2022-10-10,0.0,Autumn
2022-10-11,0.3,Autumn
2022-10-12,6.0,Autumn
2022-10-13,0.5,Autumn
2022-10-14,0.5,Autumn
2022-10-15,0.0,Autumn
2022-10-16,0.0,Autumn
2022-10-17,0.0,Autumn
2022-10-18,0.0,Autumn
2022-10-19,0.0,Autumn
2022-10-20,0.0,Autumn
2022-10-21,0.0,Autumn
2022-10-22,0.0,Autumn
2022-10-23,0.0,Autumn
2022-10-24,0.0,Autumn
2022-10-25,0.0,Autumn
2022-10-26,0.0,Autumn
2022-10-27,0.0,Autumn
2022-10-28,0.0,Autumn
2022-10-29,0.0,Autumn
2022-10-30,0.0,Autumn
2022-10-31,0.0,Autumn
2022-11-01,0.0,Autumn
2022-11-02,0.0,Autumn
2022-11-03,0.0,Autumn
2022-11-04,0.0,Autumn
2022-11-05,0.0,Autumn
2022-11-06,0.0,Autumn
2022-11-07,0.0,Autumn
2022-11-08,0.0,Autumn
2022-11-09,0.0,Autumn
2022-11-10,0.0,Autumn
2022-11-11,0.0,Autumn
2022-11-12,0.0,Autumn
2022-11-13,0.0,Autumn
2022-11-14,0.0,Autumn
2022-11-15,0.0,Autumn
2022-11-16,0.0,Winter
2022-11-17,0.0,Winter
2022-11-18,0.0,Winter
2022-11-19,0.0,Winter
2022-11-20,0.0,Winter
2022-11-21,0.0,Winter
2022-11-22,0.0,Winter
2022-11-23,0.0,Winter
2022-11-24,0.0,Winter
2022-11-25,0.0,Winter
2022-11-26,0.0,Winter
2022-11-27,0.0,Winter
2022-11-28,0.0,Winter
2022-11-29,0.0,Winter
2022-11-30,0.0,Winter
2022-12-01,0.0,Winter
2022-12-02,0.0,Winter
2022-12-03,0.0,Winter
2022-12-04,0.0,Winter
2022-12-05,0.0,Winter
2022-12-06,0.0,Winter
2022-12-07,0.0,Winter
2022-12-08,0.0,Winter
2022-12-09,0.0,Winter
2022-12-10,0.0,Winter
2022-12-11,0.0,Winter
2022-12-12,0.0,Winter
2022-12-13,0.0,Winter
2022-12-14,0.0,Winter
2022-12-15,0.0,Winter
2022-12-16,0.0,Winter
2022-12-17,0.8,Winter
2022-12-18,0.0,Winter
2022-12-19,0.0,Winter
2022-12-20,0.0,Winter
2022-12-21,0.0,Winter
2022-12-22,0.0,Winter
2022-12-23,0.0,Winter
2022-12-24,0.0,Winter
2022-12-25,0.0,Winter
2022-12-26,0.0,Winter
2022-12-27,0.0,Winter
2022-12-28,0.0,Winter
2022-12-29,0.0,Winter
2022-12-30,0.0,Winter
2022-12-31,0.0,Winter
2023-01-01,0.0,Winter
2023-01-02,0.0,Winter
2023-01-03,0.0,Winter
2023-01-04,0.0,Winter
2023-01-05,0.0,Winter
2023-01-06,0.0,Winter
2023-01-07,0.0,Winter
2023-01-08,0.0,Winter
2023-01-09,0.0,Winter
2023-01-10,0.0,Winter
2023-01-11,0.0,Winter
2023-01-12,0.0,Winter
2023-01-13,0.0,Winter
2023-01-14,0.0,Winter
2023-01-15,0.0,Winter
2023-01-16,0.0,Winter
2023-01-17,0.0,Winter
2023-01-18,0.0,Winter
2023-01-19,0.0,Winter
2023-01-20,0.0,Winter
2023-01-21,0.0,Winter
2023-01-22,0.0,Winter
2023-01-23,0.0,Winter
2023-01-24,0.0,Winter
2023-01-25,0.0,Winter
2023-01-26,0.0,Winter
2023-01-27,0.0,Winter
2023-01-28,0.0,Winter
2023-01-29,0.0,Winter
2023-01-30,0.0,Winter
2023-01-31,0.0,Winter
2023-02-01,0.0,Winter
2023-02-02,0.0,Winter
2023-02-03,0.0,Winter
2023-02-04,0.0,Winter
2023-02-05,0.0,Winter
2023-02-06,0.0,Winter
2023-02-07,0.0,Winter
2023-02-08,0.0,Winter
2023-02-09,0.0,Winter
2023-02-10,0.0,Winter
2023-02-11,0.0,Winter
2023-02-12,0.0,Winter
2023-02-13,0.0,Winter
2023-02-14,0.0,Winter
2023-02-15,0.0,Winter
2023-02-16,0.0,Winter
2023-02-17,0.0,Winter
2023-02-18,0.0,Winter
2023-02-19,0.0,Winter
2023-02-20,0.0,Winter
2023-02-21,0.0,Winter
2023-02-22,0.0,Winter
2023-02-23,0.0,Winter
2023-02-24,0.0,Winter
2023-02-25,0.0,Winter
2023-02-26,1.0,Winter
2023-02-27,2.5,Winter
2023-02-28,0.0,Winter
2023-03-01,0.0,Winter
2023-03-02,0.8,Winter
2023-03-03,0.0,Winter
2023-03-04,0.3,Winter
2023-03-05,2.3,Winter
2023-03-06,0.0,Winter
2023-03-07,0.0,Winter
2023-03-08,0.8,Winter
2023-03-09,0.0,Winter
2023-03-10,0.0,Winter
2023-03-11,0.0,Winter
2023-03-12,0.0,Winter
2023-03-13,0.0,Winter
2023-03-14,0.8,Winter
2023-03-15,2.9,Spring
2023-03-16,0.0,Spring
2023-03-17,6.6,Spring
2023-03-18,3.0,Spring
2023-03-19,0.0,Spring
2023-03-20,17.0,Spring
2023-03-21,8.9,Spring
2023-03-22,0.5,Spring
2023-03-23,0.0,Spring
2023-03-24,0.0,Spring
2023-03-25,0.0,Spring
2023-03-26,0.0,Spring
2023-03-27,0.0,Spring
2023-03-28,0.0,Spring
2023-03-29,0.0,Spring
2023-03-30,0.0,Spring
2023-03-31,7.6,Spring
2023-04-01,5.3,Spring
2023-04-02,0.0,Spring
2023-04-03,0.3,Spring
2023-04-04,1.0,Spring
2023-04-05,0.5,Spring
2023-04-06,0.0,Spring
2023-04-07,0.0,Spring
2023-04-08,0.0,Spring
2023-04-09,0.0,Spring
2023-04-10,0.0,Spring
2023-04-11,0.0,Spring
2023-04-12,0.0,Spring
2023-04-13,0.0,Spring
2023-04-14,0.0,Spring
2023-04-15,0.0,Spring
2023-04-16,0.0,Spring
2023-04-17,0.0,Spring
2023-04-18,0.0,Spring
2023-04-19,0.0,Spring
2023-04-20,0.2,Spring
2023-04-21,0.3,Spring
2023-04-22,0.0,Spring
2023-04-23,0.0,Spring
2023-04-24,5.4,Spring
2023-04-25,0.5,Spring
2023-04-26,0.0,Spring
2023-04-27,0.0,Spring
2023-04-28,0.0,Spring
2023-04-29,31.5,Spring
2023-04-30,17.0,Spring
2023-05-01,5.8,Spring
2023-05-02,6.7,Spring
2023-05-03,3.4,Spring
2023-05-04,10.4,Spring
2023-05-05,0.0,Spring
2023-05-06,0.0,Spring
2023-05-07,2.1,Spring
2023-05-08,0.0,Spring
2023-05-09,0.0,Spring
2023-05-10,0.0,Spring
2023-05-11,0.0,Spring
2023-05-12,0.0,Spring
2023-05-13,0.0,Spring
2023-05-14,0.0,Spring
2023-05-15,19.8,Spring
2023-05-16,0.5,Summer(Pre-Monsoon)
2023-05-17,26.9,Summer(Pre-Monsoon)
2023-05-18,14.2,Summer(Pre-Monsoon)
2023-05-19,7.9,Summer(Pre-Monsoon)
2023-05-20,3.9,Summer(Pre-Monsoon)
2023-05-21,3.0,Summer(Pre-Monsoon)
2023-05-22,0.0,Summer(Pre-Monsoon)
2023-05-23,1.5,Summer(Pre-Monsoon)
2023-05-24,0.0,Summer(Pre-Monsoon)
2023-05-25,6.6,Summer(Pre-Monsoon)
2023-05-26,0.0,Summer(Pre-Monsoon)
2023-05-27,17.8,Summer(Pre-Monsoon)
2023-05-28,9.9,Summer(Pre-Monsoon)
2023-05-29,0.0,Summer(Pre-Monsoon)
2023-05-30,0.0,Summer(Pre-Monsoon)
2023-05-31,0.0,Summer(Pre-Monsoon)
2023-06-01,0.0,Summer(Pre-Monsoon)
2023-06-02,0.0,Summer(Pre-Monsoon)
2023-06-03,0.0,Summer(Pre-Monsoon)
2023-06-04,0.0,Summer(Pre-Monsoon)
2023-06-05,0.0,Summer(Pre-Monsoon)
2023-06-06,0.0,Summer(Pre-Monsoon)
2023-06-07,0.0,Summer(Pre-Monsoon)
2023-06-08,0.3,Summer(Pre-Monsoon)
2023-06-09,0.0,Summer(Pre-Monsoon)
2023-06-10,0.0,Summer(Pre-Monsoon)
2023-06-11,0.0,Summer(Pre-Monsoon)
2023-06-12,29.5,Summer(Pre-Monsoon)
2023-06-13,15.0,Summer(Pre-Monsoon)
2023-06-14,52.6,Summer(Pre-Monsoon)
2023-06-15,36.1,Summer(Pre-Monsoon)
2023-06-16,4.2,Monsoon
2023-06-17,0.0,Monsoon
2023-06-18,9.4,Monsoon
2023-06-19,18.0,Monsoon
2023-06-20,10.9,Monsoon
2023-06-21,4.2,Monsoon
2023-06-22,3.3,Monsoon
2023-06-23,12.5,Monsoon
2023-06-24,15.0,Monsoon
2023-06-25,17.8,Monsoon
2023-06-26,0.3,Monsoon
2023-06-27,15.5,Monsoon
2023-06-28,2.8,Monsoon
2023-06-29,2.3,Monsoon
2023-06-30,8.1,Monsoon
2023-07-01,4.3,Monsoon
2023-07-02,0.0,Monsoon
2023-07-03,10.4,Monsoon
2023-07-04,38.9,Monsoon
2023-07-05,26.7,Monsoon
2023-07-06,0.0,Monsoon
2023-07-07,3.3,Monsoon
2023-07-08,0.5,Monsoon
2023-07-09,0.3,Monsoon
2023-07-10,0.0,Monsoon
2023-07-11,36.1,Monsoon
2023-07-12,1.8,Monsoon
2023-07-13,21.1,Monsoon
2023-07-14,9.3,Monsoon
2023-07-15,31.5,Monsoon
2023-07-16,1.0,Monsoon
2023-07-17,15.0,Monsoon
2023-07-18,66.3,Monsoon
2023-07-19,2.8,Monsoon
2023-07-20,2.8,Monsoon
2023-07-21,9.7,Monsoon
2023-07-22,3.0,Monsoon
2023-07-23,2.5,Monsoon
2023-07-24,2.3,Monsoon
2023-07-25,21.1,Monsoon
2023-07-26,6.6,Monsoon
2023-07-27,6.4,Monsoon
2023-07-28,11.2,Monsoon
2023-07-29,14.5,Monsoon
2023-07-30,11.9,Monsoon
2023-07-31,0.0,Monsoon
2023-08-01,1.0,Monsoon
2023-08-02,17.8,Monsoon
2023-08-03,2.0,Monsoon
2023-08-04,0.0,Monsoon
2023-08-05,2.0,Monsoon
2023-08-06,18.5,Monsoon
2023-08-07,14.2,Monsoon
2023-08-08,64.0,Monsoon
2023-08-09,6.4,Monsoon
2023-08-10,0.0,Monsoon
2023-08-11,2.3,Monsoon
2023-08-12,49.8,Monsoon
2023-08-13,38.6,Monsoon
2023-08-14,11.0,Monsoon
2023-08-15,0.0,Monsoon
2023-08-16,4.4,Monsoon
2023-08-17,0.0,Monsoon
2023-08-18,7.1,Monsoon
2023-08-19,0.3,Monsoon
2023-08-20,1.5,Monsoon
2023-08-21,41.9,Monsoon
2023-08-22,7.1,Monsoon
2023-08-23,35.3,Monsoon
2023-08-24,69.0,Monsoon
2023-08-25,19.1,Monsoon
2023-08-26,13.7,Monsoon
2023-08-27,0.5,Monsoon
2023-08-28,0.0,Monsoon
2023-08-29,1.5,Monsoon
2023-08-30,1.0,Monsoon
2023-08-31,0.0,Monsoon
2023-09-01,0.0,Monsoon
2023-09-02,0.0,Monsoon
2023-09-03,3.6,Monsoon
2023-09-04,0.0,Monsoon
2023-09-05,0.0,Monsoon
2023-09-06,0.0,Monsoon
2023-09-07,8.8,Monsoon
2023-09-08,63.2,Monsoon
2023-09-09,1.0,Monsoon
2023-09-10,1.8,Monsoon
2023-09-11,41.4,Monsoon
2023-09-12,12.0,Monsoon
2023-09-13,19.6,Monsoon
2023-09-14,2.3,Monsoon
2023-09-15,0.0,Monsoon
2023-09-16,1.2,Autumn
2023-09-17,9.1,Autumn
2023-09-18,0.0,Autumn
2023-09-19,7.1,Autumn
2023-09-20,0.3,Autumn
2023-09-21,0.0,Autumn
2023-09-22,1.5,Autumn
2023-09-23,0.7,Autumn
2023-09-24,18.0,Autumn
2023-09-25,0.0,Autumn
2023-09-26,0.0,Autumn
2023-09-27,0.0,Autumn
2023-09-28,1.0,Autumn
2023-09-29,0.3,Autumn
2023-09-30,0.0,Autumn
2023-10-01,11.9,Autumn
2023-10-02,7.8,Autumn
2023-10-03,21.6,Autumn
2023-10-04,21.1,Autumn
2023-10-05,3.0,Autumn
2023-10-06,0.0,Autumn
2023-10-07,0.0,Autumn
2023-10-08,0.0,Autumn
2023-10-09,0.0,Autumn
2023-10-10,0.0,Autumn
2023-10-11,0.0,Autumn
2023-10-12,0.0,Autumn
2023-10-13,0.0,Autumn
2023-10-14,0.0,Autumn
2023-10-15,0.0,Autumn
2023-10-16,0.0,Autumn
2023-10-17,3.5,Autumn
2023-10-18,0.0,Autumn
2023-10-19,0.0,Autumn
2023-10-20,0.0,Autumn
2023-10-21,0.0,Autumn
2023-10-22,0.0,Autumn
2023-10-23,0.0,Autumn
2023-10-24,0.0,Autumn
2023-10-25,0.0,Autumn
2023-10-26,0.0,Autumn
2023-10-27,0.0,Autumn
2023-10-28,0.0,Autumn
2023-10-29,0.0,Autumn
2023-10-30,0.0,Autumn
2023-10-31,0.0,Autumn
2023-11-01,0.0,Autumn
2023-11-02,0.0,Autumn
2023-11-03,0.0,Autumn
2023-11-04,0.0,Autumn
2023-11-05,0.0,Autumn
2023-11-06,0.0,Autumn
2023-11-07,0.0,Autumn
2023-11-08,0.0,Autumn
2023-11-09,0.0,Autumn
2023-11-10,0.0,Autumn
2023-11-11,0.0,Autumn
2023-11-12,0.0,Autumn
2023-11-13,0.0,Autumn
2023-11-14,0.0,Autumn
2023-11-15,0.0,Autumn
2023-11-16,0.0,Winter
2023-11-17,0.0,Winter
2023-11-18,0.0,Winter
2023-11-19,0.0,Winter
2023-11-20,0.0,Winter
2023-11-21,0.0,Winter
2023-11-22,0.0,Winter
2023-11-23,0.0,Winter
2023-11-24,0.0,Winter
2023-11-25,0.0,Winter
2023-11-26,0.0,Winter
2023-11-27,0.0,Winter
2023-11-28,0.9,Winter
2023-11-29,0.5,Winter
2023-11-30,0.0,Winter
2023-12-01,0.1,Winter
2023-12-02,0.0,Winter
2023-12-03,0.0,Winter
2023-12-04,0.0,Winter
2023-12-05,0.0,Winter
2023-12-06,0.0,Winter
2023-12-07,0.0,Winter
2023-12-08,0.0,Winter
2023-12-09,0.0,Winter
2023-12-10,0.0,Winter
2023-12-11,0.0,Winter
2023-12-12,4.2,Winter
2023-12-13,0.4,Winter
2023-12-14,0.0,Winter
2023-12-15,0.0,Winter
2023-12-16,0.0,Winter
2023-12-17,0.0,Winter
2023-12-18,0.0,Winter
2023-12-19,0.0,Winter
2023-12-20,0.0,Winter
2023-12-21,0.0,Winter
2023-12-22,0.0,Winter
2023-12-23,0.0,Winter
2023-12-24,0.0,Winter
2023-12-25,0.0,Winter
2023-12-26,0.0,Winter
2023-12-27,0.0,Winter
2023-12-28,0.9,Winter
2023-12-29,0.0,Winter
2023-12-30,0.0,Winter
2023-12-31,0.0,Winter
2024-01-01,0.0,Winter
2024-01-02,0.0,Winter
2024-01-03,0.0,Winter
2024-01-04,0.0,Winter
2024-01-05,0.0,Winter
2024-01-06,0.0,Winter
2024-01-07,0.0,Winter
2024-01-08,0.0,Winter
2024-01-09,0.0,Winter
2024-01-10,0.0,Winter
2024-01-11,0.0,Winter
2024-01-12,0.0,Winter
2024-01-13,0.0,Winter
2024-01-14,0.0,Winter
2024-01-15,0.3,Winter
2024-01-16,0.2,Winter
2024-01-17,2.2,Winter
2024-01-18,0.1,Winter
2024-01-19,0.0,Winter
2024-01-20,0.0,Winter
2024-01-21,0.0,Winter
2024-01-22,0.0,Winter
2024-01-23,0.1,Winter
2024-01-24,0.6,Winter
2024-01-25,0.0,Winter
2024-01-26,0.0,Winter
2024-01-27,0.0,Winter
2024-01-28,0.0,Winter
2024-01-29,0.0,Winter
2024-01-30,0.0,Winter
2024-01-31,0.0,Winter
2024-02-01,0.0,Winter
2024-02-02,0.0,Winter
2024-02-03,0.0,Winter
2024-02-04,2.0,Winter
2024-02-05,1.6,Winter
2024-02-06,0.0,Winter
2024-02-07,0.0,Winter
2024-02-08,0.0,Winter
2024-02-09,0.0,Winter
2024-02-10,0.0,Winter
2024-02-11,0.0,Winter
2024-02-12,0.0,Winter
2024-02-13,0.0,Winter
2024-02-14,0.6,Winter
2024-02-15,0.0,Winter
2024-02-16,0.0,Winter
2024-02-17,0.0,Winter
2024-02-18,0.0,Winter
2024-02-19,0.0,Winter
2024-02-20,0.7,Winter
2024-02-21,0.0,Winter
2024-02-22,1.9,Winter
2024-02-23,0.0,Winter
2024-02-24,0.0,Winter
2024-02-25,0.0,Winter
2024-02-26,0.0,Winter
2024-02-27,0.0,Winter
2024-02-28,0.0,Winter
2024-02-29,0.0,Winter
2024-03-01,0.0,Winter
2024-03-02,0.7,Winter
2024-03-03,13.1,Winter
2024-03-04,0.1,Winter
2024-03-05,0.0,Winter
2024-03-06,0.0,Winter
2024-03-07,0.0,Winter
2024-03-08,0.0,Winter
2024-03-09,0.0,Winter
2024-03-10,0.0,Winter
2024-03-11,0.0,Winter
2024-03-12,0.0,Winter
2024-03-13,0.0,Winter
2024-03-14,0.0,Winter
2024-03-15,0.0,Spring
2024-03-16,0.0,Spring
2024-03-17,0.0,Spring
2024-03-18,0.0,Spring
2024-03-19,0.2,Spring
2024-03-20,7.4,Spring
2024-03-21,7.2,Spring
2024-03-22,0.5,Spring
2024-03-23,12.0,Spring
2024-03-24,0.5,Spring
2024-03-25,2.6,Spring
2024-03-26,4.6,Spring
2024-03-27,4.0,Spring
2024-03-28,3.2,Spring
2024-03-29,2.1,Spring
2024-03-30,11.3,Spring
2024-03-31,0.0,Spring
2024-04-01,0.0,Spring
2024-04-02,0.0,Spring
2024-04-03,0.0,Spring
2024-04-04,0.0,Spring
2024-04-05,0.0,Spring
2024-04-06,0.0,Spring
2024-04-07,0.0,Spring
2024-04-08,0.0,Spring
2024-04-09,0.0,Spring
2024-04-10,0.0,Spring
2024-04-11,1.0,Spring
2024-04-12,1.5,Spring
2024-04-13,0.0,Spring
2024-04-14,0.0,Spring
2024-04-15,0.0,Spring
2024-04-16,0.0,Spring
2024-04-17,0.0,Spring
2024-04-18,0.0,Spring
2024-04-19,0.0,Spring
2024-04-20,0.0,Spring
2024-04-21,0.0,Spring
2024-04-22,0.0,Spring
2024-04-23,0.0,Spring
2024-04-24,0.0,Spring
2024-04-25,0.0,Spring
2024-04-26,0.0,Spring
2024-04-27,0.0,Spring
2024-04-28,0.0,Spring
2024-04-29,0.0,Spring
2024-04-30,0.0,Spring
2024-05-01,0.0,Spring
2024-05-02,0.0,Spring
2024-05-03,0.0,Spring
2024-05-04,0.0,Spring
2024-05-05,0.0,Spring
2024-05-06,2.0,Spring
2024-05-07,1.0,Spring
2024-05-08,12.7,Spring
2024-05-09,0.0,Spring
2024-05-10,8.9,Spring
2024-05-11,0.0,Spring
2024-05-12,4.6,Spring
2024-05-13,0.0,Spring
2024-05-14,0.0,Spring
2024-05-15,0.0,Spring
2024-05-16,0.0,Summer(Pre-Monsoon)
2024-05-17,0.0,Summer(Pre-Monsoon)
2024-05-18,0.0,Summer(Pre-Monsoon)
2024-05-19,2.5,Summer(Pre-Monsoon)
2024-05-20,4.3,Summer(Pre-Monsoon)
2024-05-21,0.0,Summer(Pre-Monsoon)
2024-05-22,3.3,Summer(Pre-Monsoon)
2024-05-23,0.5,Summer(Pre-Monsoon)
2024-05-24,0.0,Summer(Pre-Monsoon)
2024-05-25,5.6,Summer(Pre-Monsoon)
2024-05-26,1.9,Summer(Pre-Monsoon)
2024-05-27,0.0,Summer(Pre-Monsoon)
2024-05-28,8.3,Summer(Pre-Monsoon)
2024-05-29,0.0,Summer(Pre-Monsoon)
2024-05-30,0.0,Summer(Pre-Monsoon)
2024-05-31,1.5,Summer(Pre-Monsoon)
2024-06-01,1.5,Summer(Pre-Monsoon)
2024-06-02,0.0,Summer(Pre-Monsoon)
2024-06-03,0.0,Summer(Pre-Monsoon)
2024-06-04,22.6,Summer(Pre-Monsoon)
2024-06-05,1.0,Summer(Pre-Monsoon)
2024-06-06,3.6,Summer(Pre-Monsoon)
2024-06-07,0.0,Summer(Pre-Monsoon)
2024-06-08,2.3,Summer(Pre-Monsoon)
2024-06-09,0.0,Summer(Pre-Monsoon)
2024-06-10,0.0,Summer(Pre-Monsoon)
2024-06-11,0.0,Summer(Pre-Monsoon)
2024-06-12,0.0,Summer(Pre-Monsoon)
2024-06-13,0.0,Summer(Pre-Monsoon)
2024-06-14,0.0,Summer(Pre-Monsoon)
2024-06-15,0.0,Summer(Pre-Monsoon)
2024-06-16,2.8,Monsoon
2024-06-17,13.2,Monsoon
2024-06-18,23.6,Monsoon
2024-06-19,4.8,Monsoon
2024-06-20,36.1,Monsoon
2024-06-21,0.0,Monsoon
2024-06-22,5.1,Monsoon
2024-06-23,0.3,Monsoon
2024-06-24,0.8,Monsoon
2024-06-25,0.0,Monsoon
2024-06-26,50.3,Monsoon
2024-06-27,0.3,Monsoon
2024-06-28,19.6,Monsoon
2024-06-29,12.7,Monsoon
2024-06-30,56.6,Monsoon
2024-07-01,39.6,Monsoon
2024-07-02,32.8,Monsoon
2024-07-03,6.6,Monsoon
2024-07-04,21.1,Monsoon
2024-07-05,20.3,Monsoon
2024-07-06,48.4,Monsoon
2024-07-07,30.7,Monsoon
2024-07-08,2.0,Monsoon
2024-07-09,0.5,Monsoon
2024-07-10,18.0,Monsoon
2024-07-11,40.6,Monsoon
2024-07-12,29.7,Monsoon
2024-07-13,24.4,Monsoon
2024-07-14,1.0,Monsoon
2024-07-15,13.0,Monsoon
2024-07-16,0.0,Monsoon
2024-07-17,25.4,Monsoon
2024-07-18,9.8,Monsoon
2024-07-19,25.7,Monsoon
2024-07-20,1.5,Monsoon
2024-07-21,23.8,Monsoon
2024-07-22,7.6,Monsoon
2024-07-23,10.7,Monsoon
2024-07-24,28.2,Monsoon
2024-07-25,29.8,Monsoon
2024-07-26,12.2,Monsoon
2024-07-27,3.3,Monsoon
2024-07-28,24.8,Monsoon
2024-07-29,44.0,Monsoon
2024-07-30,18.0,Monsoon
2024-07-31,62.5,Monsoon
2024-08-01,0.3,Monsoon
2024-08-02,0.8,Monsoon
2024-08-03,5.6,Monsoon
2024-08-04,0.0,Monsoon
2024-08-05,1.0,Monsoon
2024-08-06,73.4,Monsoon
2024-08-07,25.9,Monsoon
2024-08-08,20.8,Monsoon
2024-08-09,5.1,Monsoon
2024-08-10,0.8,Monsoon
2024-08-11,29.0,Monsoon
2024-08-12,22.2,Monsoon
2024-08-13,15.2,Monsoon
2024-08-14,14.7,Monsoon
2024-08-15,1.3,Monsoon
2024-08-16,1.8,Monsoon
2024-08-17,13.7,Monsoon
2024-08-18,27.7,Monsoon
2024-08-19,7.9,Monsoon
2024-08-20,6.9,Monsoon
2024-08-21,1.3,Monsoon
2024-08-22,6.5,Monsoon
2024-08-23,7.7,Monsoon
2024-08-24,5.6,Monsoon
2024-08-25,4.0,Monsoon
2024-08-26,8.7,Monsoon
2024-08-27,7.6,Monsoon
2024-08-28,0.0,Monsoon
2024-08-29,2.8,Monsoon
2024-08-30,6.6,Monsoon
2024-08-31,0.5,Monsoon
2024-09-01,24.511,Monsoon
2024-09-02,0.0,Monsoon
2024-09-03,43.9928,Monsoon
2024-09-04,0.0,Monsoon
2024-09-05,17.4,Monsoon
2024-09-06,33.2,Monsoon
2024-09-07,5.0,Monsoon
2024-09-08,0.0,Monsoon
2024-09-09,0.0,Monsoon
2024-09-10,0.0,Monsoon
2024-09-11,0.0,Monsoon
2024-09-12,0.8,Monsoon
2024-09-13,6.2,Monsoon
2024-09-14,0.5,Monsoon
2024-09-15,1.0,Monsoon
2024-09-16,22.6,Autumn
2024-09-17,0.0,Autumn
2024-09-18,3.7,Autumn
2024-09-19,0.0,Autumn
2024-09-20,1.3,Autumn
2024-09-21,12.8,Autumn
2024-09-22,0.0,Autumn
2024-09-23,2.9,Autumn
2024-09-24,0.0,Autumn
2024-09-25,0.8,Autumn
2024-09-26,0.0,Autumn
2024-09-27,97.0,Autumn
2024-09-28,164.3,Autumn
2024-09-29,0.0,Autumn
2024-09-30,0.0,Autumn
2024-10-01,0.0,Autumn
2024-10-02,1.0,Autumn
2024-10-03,4.6,Autumn
2024-10-04,0.0,Autumn
2024-10-05,0.0,Autumn
2024-10-06,0.0,Autumn
2024-10-07,0.0,Autumn
2024-10-08,0.0,Autumn
2024-10-09,0.0,Autumn
2024-10-10,0.0,Autumn
2024-10-11,0.0,Autumn
2024-10-12,0.0,Autumn
2024-10-13,0.0,Autumn
2024-10-14,0.0,Autumn
2024-10-15,0.0,Autumn
2024-10-16,0.0,Autumn
2024-10-17,0.0,Autumn
2024-10-18,0.0,Autumn
2024-10-19,0.0,Autumn
2024-10-20,0.0,Autumn
2024-10-21,0.0,Autumn
2024-10-22,0.0,Autumn
2024-10-23,0.0,Autumn
2024-10-24,0.2,Autumn
2024-10-25,0.3,Autumn
2024-10-26,0.0,Autumn
2024-10-27,0.3,Autumn
2024-10-28,0.0,Autumn
2024-10-29,0.0,Autumn
2024-10-30,0.5,Autumn
2024-10-31,0.0,Autumn
2024-11-01,1.6,Autumn
2024-11-02,0.6,Autumn
2024-11-03,6.7,Autumn
2024-11-04,12.2,Autumn
2024-11-05,0.1,Autumn
2024-11-06,0.0,Autumn
2024-11-07,0.0,Autumn
2024-11-08,0.0,Autumn
2024-11-09,0.0,Autumn
2024-11-10,0.4,Autumn
2024-11-11,0.0,Autumn
2024-11-12,0.0,Autumn
2024-11-13,0.0,Autumn
2024-11-14,0.0,Autumn
2024-11-15,0.0,Autumn
2024-11-16,0.0,Winter
2024-11-17,0.0,Winter
2024-11-18,0.0,Winter
2024-11-19,0.0,Winter
2024-11-20,1.3,Winter
2024-11-21,1.0,Winter
2024-11-22,0.0,Winter
2024-11-23,0.0,Winter
2024-11-24,0.0,Winter
2024-11-25,0.0,Winter
2024-11-26,0.0,Winter
2024-11-27,0.5,Winter
2024-11-28,0.2,Winter
2024-11-29,0.0,Winter
2024-11-30,0.0,Winter
2024-12-01,0.0,Winter
2024-12-02,0.0,Winter
2024-12-03,0.0,Winter
2024-12-04,0.0,Winter
2024-12-05,0.0,Winter
2024-12-06,0.0,Winter
2024-12-07,0.0,Winter
2024-12-08,0.0,Winter
2024-12-09,0.0,Winter
2024-12-10,0.0,Winter
2024-12-11,0.0,Winter
2024-12-12,0.0,Winter
2024-12-13,0.0,Winter
2024-12-14,0.0,Winter
2024-12-15,0.0,Winter
2024-12-16,0.0,Winter
2024-12-17,0.0,Winter
2024-12-18,0.0,Winter
2024-12-19,0.0,Winter
2024-12-20,0.0,Winter
2024-12-21,0.0,Winter
2024-12-22,0.0,Winter
2024-12-23,0.0,Winter
2024-12-24,0.0,Winter
2024-12-25,0.2,Winter
2024-12-26,0.0,Winter
2024-12-27,0.0,Winter
2024-12-28,2.0,Winter
2024-12-29,1.6,Winter
2024-12-30,0.0,Winter
2024-12-31,0.0,Winter
2025-01-01,0.0,Winter
2025-01-02,0.0,Winter
2025-01-03,0.0,Winter
2025-01-04,0.0,Winter
2025-01-05,0.0,Winter
2025-01-06,0.0,Winter
2025-01-07,0.0,Winter
2025-01-08,0.0,Winter
2025-01-09,0.0,Winter
2025-01-10,0.0,Winter
2025-01-11,0.0,Winter
2025-01-12,0.1,Winter
2025-01-13,0.0,Winter
2025-01-14,0.0,Winter
2025-01-15,0.0,Winter
2025-01-16,0.0,Winter
2025-01-17,0.0,Winter
2025-01-18,0.0,Winter
2025-01-19,0.0,Winter
2025-01-20,0.0,Winter
2025-01-21,0.0,Winter
2025-01-22,0.0,Winter
2025-01-23,0.0,Winter
2025-01-24,0.0,Winter
2025-01-25,0.0,Winter
2025-01-26,0.0,Winter
2025-01-27,0.0,Winter
2025-01-28,0.0,Winter
2025-01-29,0.0,Winter
2025-01-30,0.0,Winter
2025-01-31,0.0,Winter
2025-02-01,0.0,Winter
2025-02-02,0.0,Winter
2025-02-03,0.0,Winter
2025-02-04,0.0,Winter
2025-02-05,0.0,Winter
2025-02-06,0.0,Winter
2025-02-07,0.0,Winter
2025-02-08,0.0,Winter
2025-02-09,0.0,Winter
2025-02-10,0.0,Winter
2025-02-11,0.0,Winter
2025-02-12,0.0,Winter
2025-02-13,0.0,Winter
2025-02-14,0.0,Winter
2025-02-15,0.0,Winter
2025-02-16,0.0,Winter
2025-02-17,0.0,Winter
2025-02-18,0.0,Winter
2025-02-19,0.0,Winter
2025-02-20,0.0,Winter
2025-02-21,0.0,Winter
2025-02-22,0.0,Winter
2025-02-23,0.0,Winter
2025-02-24,0.0,Winter
2025-02-25,0.0,Winter
2025-02-26,0.0,Winter
2025-02-27,0.0,Winter
2025-02-28,3.0,Winter
2025-03-01,9.3,Winter
2025-03-02,0.0,Winter
2025-03-03,0.0,Winter
2025-03-04,0.0,Winter
2025-03-05,0.0,Winter
2025-03-06,0.0,Winter
2025-03-07,0.0,Winter
2025-03-08,0.0,Winter
2025-03-09,0.0,Winter
2025-03-10,1.5,Winter
2025-03-11,1.4,Winter
2025-03-12,3.1,Winter
2025-03-13,1.3,Winter
2025-03-14,0.3,Winter
2025-03-15,0.0,Spring
2025-03-16,0.0,Spring
2025-03-17,0.0,Spring
2025-03-18,0.0,Spring
2025-03-19,0.0,Spring
2025-03-20,0.0,Spring
2025-03-21,0.0,Spring
2025-03-22,0.0,Spring
2025-03-23,0.0,Spring
2025-03-24,0.0,Spring
2025-03-25,0.0,Spring
2025-03-26,0.0,Spring
2025-03-27,0.0,Spring
2025-03-28,0.0,Spring
2025-03-29,0.0,Spring
2025-03-30,0.0,Spring
2025-03-31,0.0,Spring
2025-04-01,0.0,Spring
2025-04-02,0.0,Spring
2025-04-03,0.0,Spring
2025-04-04,0.0,Spring
2025-04-05,0.0,Spring
2025-04-06,0.0,Spring
2025-04-07,0.0,Spring
2025-04-08,0.0,Spring
2025-04-09,4.8,Spring
2025-04-10,8.9,Spring
2025-04-11,4.8,Spring
2025-04-12,8.1,Spring
2025-04-13,4.8,Spring
2025-04-14,0.8,Spring
2025-04-15,0.1,Spring
2025-04-16,0.3,Spring
2025-04-17,1.8,Spring
2025-04-18,2.5,Spring
2025-04-19,5.6,Spring
2025-04-20,0.0,Spring
2025-04-21,0.0,Spring
2025-04-22,0.0,Spring
2025-04-23,0.0,Spring
2025-04-24,0.0,Spring
2025-04-25,0.0,Spring
2025-04-26,0.0,Spring
2025-04-27,1.5,Spring
2025-04-28,3.0,Spring
2025-04-29,4.3,Spring
2025-04-30,2.0,Spring
2025-05-01,11.8,Spring
2025-05-02,3.1,Spring
2025-05-03,0.7,Spring
2025-05-04,16.9,Spring
2025-05-05,4.8,Spring
2025-05-06,6.3,Spring
2025-05-07,8.1,Spring
2025-05-08,0.0,Spring
2025-05-09,0.0,Spring
2025-05-10,0.0,Spring
2025-05-11,0.0,Spring
2025-05-12,0.0,Spring
2025-05-13,0.0,Spring
2025-05-14,0.0,Spring
2025-05-15,0.0,Spring
2025-05-16,2.0,Summer(Pre-Monsoon)
2025-05-17,3.6,Summer(Pre-Monsoon)
2025-05-18,30.5,Summer(Pre-Monsoon)
2025-05-19,0.0,Summer(Pre-Monsoon)
2025-05-20,15.2,Summer(Pre-Monsoon)
2025-05-21,10.9,Summer(Pre-Monsoon)
2025-05-22,0.0,Summer(Pre-Monsoon)
2025-05-23,0.0,Summer(Pre-Monsoon)
2025-05-24,22.1,Summer(Pre-Monsoon)
2025-05-25,0.5,Summer(Pre-Monsoon)
2025-05-26,3.0,Summer(Pre-Monsoon)
2025-05-27,0.0,Summer(Pre-Monsoon)
2025-05-28,0.0,Summer(Pre-Monsoon)
2025-05-29,43.4,Summer(Pre-Monsoon)
2025-05-30,6.4,Summer(Pre-Monsoon)
2025-05-31,2.3,Summer(Pre-Monsoon)
2025-06-01,1.0,Summer(Pre-Monsoon)
2025-06-02,0.0,Summer(Pre-Monsoon)
2025-06-03,0.0,Summer(Pre-Monsoon)
2025-06-04,2.5,Summer(Pre-Monsoon)
2025-06-05,1.0,Summer(Pre-Monsoon)
2025-06-06,0.0,Summer(Pre-Monsoon)
2025-06-07,0.0,Summer(Pre-Monsoon)
2025-06-08,0.0,Summer(Pre-Monsoon)
2025-06-09,0.0,Summer(Pre-Monsoon)
2025-06-10,1.5,Summer(Pre-Monsoon)
2025-06-11,16.8,Summer(Pre-Monsoon)
2025-06-12,0.3,Summer(Pre-Monsoon)
2025-06-13,25.9,Summer(Pre-Monsoon)
2025-06-14,0.0,Summer(Pre-Monsoon)
2025-06-15,9.7,Summer(Pre-Monsoon)
2025-06-16,5.3,Monsoon
2025-06-17,41.1,Monsoon
2025-06-18,0.0,Monsoon
2025-06-19,23.6,Monsoon
2025-06-20,32.8,Monsoon
2025-06-21,6.6,Monsoon
2025-06-22,0.8,Monsoon
2025-06-23,60.5,Monsoon
2025-06-24,17.0,Monsoon
2025-06-25,8.9,Monsoon
2025-06-26,9.9,Monsoon
2025-06-27,18.8,Monsoon
2025-06-28,3.8,Monsoon
2025-06-29,16.9672,Monsoon
2025-06-30,8.026399999999999,Monsoon
